episode_id,complete_name,first_name,last_name
0,Michael Scott,Michael,Scott
0,Dwight Schrute,Dwight,Schrute
0,Jim Halpert,Jim,Halpert
0,Pam Beesly,Pam,Beesly
0,Ryan Howard,Ryan,Howard
0,Jan Levinson,Jan,Levinson
0,Stanley Hudson,Stanley,Hudson
0,Kevin Malone,Kevin,Malone
0,Angela Martin,Angela,Martin
0,Oscar Martinez,Oscar,Martinez
0,Phyllis Lapin,Phyllis,Lapin
0,Creed Bratton,Creed,Bratton
0,Todd Packer,Todd,Packer
1,Michael Scott,Michael,Scott
1,Dwight Schrute,Dwight,Schrute
1,Jim Halpert,Jim,Halpert
1,Pam Beesly,Pam,Beesly
1,Ryan Howard,Ryan,Howard
1,Stanley Hudson,Stanley,Hudson
1,Kevin Malone,Kevin,Malone
1,Kelly Kapoor,Kelly,Kapoor
1,Toby Flenderson,Toby,Flenderson
1,Angela Martin,Angela,Martin
1,Oscar Martinez,Oscar,Martinez
1,Phyllis Lapin,Phyllis,Lapin
1,Creed Bratton,Creed,Bratton
2,Michael Scott,Michael,Scott
2,Dwight Schrute,Dwight,Schrute
2,Jim Halpert,Jim,Halpert
2,Pam Beesly,Pam,Beesly
2,Ryan Howard,Ryan,Howard
2,Jan Levinson,Jan,Levinson
2,Stanley Hudson,Stanley,Hudson
2,Kevin Malone,Kevin,Malone
2,Kelly Kapoor,Kelly,Kapoor
2,Angela Martin,Angela,Martin
2,Toby Flenderson,Toby,Flenderson
2,Oscar Martinez,Oscar,Martinez
2,Phyllis Lapin,Phyllis,Lapin
2,Creed Bratton,Creed,Bratton
3,Michael Scott,Michael,Scott
3,Dwight Schrute,Dwight,Schrute
3,Jim Halpert,Jim,Halpert
3,Pam Beesly,Pam,Beesly
3,Ryan Howard,Ryan,Howard
3,Darryl Philbin,Darryl,Philbin
3,Stanley Hudson,Stanley,Hudson
3,Kevin Malone,Kevin,Malone
3,Toby Flenderson,Toby,Flenderson
3,Angela Martin,Angela,Martin
3,Oscar Martinez,Oscar,Martinez
3,Phyllis Lapin,Phyllis,Lapin
3,Creed Bratton,Creed,Bratton
4,Michael Scott,Michael,Scott
4,Dwight Schrute,Dwight,Schrute
4,Jim Halpert,Jim,Halpert
4,Pam Beesly,Pam,Beesly
4,Ryan Howard,Ryan,Howard
4,Darryl Philbin,Darryl,Philbin
4,Stanley Hudson,Stanley,Hudson
4,Kevin Malone,Kevin,Malone
4,Angela Martin,Angela,Martin
4,Oscar Martinez,Oscar,Martinez
4,Phyllis Lapin,Phyllis,Lapin
5,Michael Scott,Michael,Scott
5,Dwight Schrute,Dwight,Schrute
5,Jim Halpert,Jim,Halpert
5,Pam Beesly,Pam,Beesly
5,Ryan Howard,Ryan,Howard
5,Jan Levinson,Jan,Levinson
5,Stanley Hudson,Stanley,Hudson
5,Kevin Malone,Kevin,Malone
5,Toby Flenderson,Toby,Flenderson
5,Angela Martin,Angela,Martin
5,Oscar Martinez,Oscar,Martinez
5,Phyllis Lapin,Phyllis,Lapin
5,Kelly Kapoor,Kelly,Kapoor
6,Michael Scott,Michael,Scott
6,Dwight Schrute,Dwight,Schrute
6,Jim Halpert,Jim,Halpert
6,Pam Beesly,Pam,Beesly
6,Ryan Howard,Ryan,Howard
6,Jan Levinson,Jan,Levinson
6,Stanley Hudson,Stanley,Hudson
6,Kevin Malone,Kevin,Malone
6,Kelly Kapoor,Kelly,Kapoor
6,Angela Martin,Angela,Martin
6,Toby Flenderson,Toby,Flenderson
6,Oscar Martinez,Oscar,Martinez
6,Darryl Philbin,Darryl,Philbin
6,Phyllis Lapin,Phyllis,Lapin
7,Michael Scott,Michael,Scott
7,Dwight Schrute,Dwight,Schrute
7,Jim Halpert,Jim,Halpert
7,Pam Beesly,Pam,Beesly
7,Ryan Howard,Ryan,Howard
7,Todd Packer,Todd,Packer
7,Jan Levinson,Jan,Levinson
7,Stanley Hudson,Stanley,Hudson
7,Kevin Malone,Kevin,Malone
7,Kelly Kapoor,Kelly,Kapoor
7,Angela Martin,Angela,Martin
7,Toby Flenderson,Toby,Flenderson
7,Oscar Martinez,Oscar,Martinez
7,Phyllis Lapin,Phyllis,Lapin
7,Darryl Philbin,Darryl,Philbin
8,Michael Scott,Michael,Scott
8,Dwight Schrute,Dwight,Schrute
8,Jim Halpert,Jim,Halpert
8,Pam Beesly,Pam,Beesly
8,Ryan Howard,Ryan,Howard
8,Stanley Hudson,Stanley,Hudson
8,Kevin Malone,Kevin,Malone
8,Kelly Kapoor,Kelly,Kapoor
8,Angela Martin,Angela,Martin
8,Toby Flenderson,Toby,Flenderson
8,Oscar Martinez,Oscar,Martinez
8,Phyllis Lapin,Phyllis,Lapin
9,Michael Scott,Michael,Scott
9,Dwight Schrute,Dwight,Schrute
9,Jim Halpert,Jim,Halpert
9,Pam Beesly,Pam,Beesly
9,Ryan Howard,Ryan,Howard
9,Stanley Hudson,Stanley,Hudson
9,Kevin Malone,Kevin,Malone
9,Kelly Kapoor,Kelly,Kapoor
9,Angela Martin,Angela,Martin
9,Toby Flenderson,Toby,Flenderson
9,Oscar Martinez,Oscar,Martinez
9,Phyllis Lapin,Phyllis,Lapin
10,Michael Scott,Michael,Scott
10,Dwight Schrute,Dwight,Schrute
10,Jim Halpert,Jim,Halpert
10,Pam Beesly,Pam,Beesly
10,Ryan Howard,Ryan,Howard
10,Stanley Hudson,Stanley,Hudson
10,Kevin Malone,Kevin,Malone
10,Kelly Kapoor,Kelly,Kapoor
10,Angela Martin,Angela,Martin
10,Toby Flenderson,Toby,Flenderson
10,Oscar Martinez,Oscar,Martinez
10,Phyllis Lapin,Phyllis,Lapin
10,Creed Bratton,Creed,Bratton
11,Michael Scott,Michael,Scott
11,Dwight Schrute,Dwight,Schrute
11,Jim Halpert,Jim,Halpert
11,Pam Beesly,Pam,Beesly
11,Ryan Howard,Ryan,Howard
11,Stanley Hudson,Stanley,Hudson
11,Kevin Malone,Kevin,Malone
11,Kelly Kapoor,Kelly,Kapoor
11,Angela Martin,Angela,Martin
11,Toby Flenderson,Toby,Flenderson
11,Oscar Martinez,Oscar,Martinez
11,Phyllis Lapin,Phyllis,Lapin
12,Michael Scott,Michael,Scott
12,Dwight Schrute,Dwight,Schrute
12,Jim Halpert,Jim,Halpert
12,Pam Beesly,Pam,Beesly
12,Ryan Howard,Ryan,Howard
12,Jan Levinson,Jan,Levinson
12,Stanley Hudson,Stanley,Hudson
12,Kevin Malone,Kevin,Malone
12,Kelly Kapoor,Kelly,Kapoor
12,Angela Martin,Angela,Martin
12,Oscar Martinez,Oscar,Martinez
12,Phyllis Lapin,Phyllis,Lapin
12,Creed Bratton,Creed,Bratton
13,Michael Scott,Michael,Scott
13,Dwight Schrute,Dwight,Schrute
13,Jim Halpert,Jim,Halpert
13,Pam Beesly,Pam,Beesly
13,Ryan Howard,Ryan,Howard
13,Jan Levinson,Jan,Levinson
13,Stanley Hudson,Stanley,Hudson
13,Kevin Malone,Kevin,Malone
13,Kelly Kapoor,Kelly,Kapoor
13,Angela Martin,Angela,Martin
13,Toby Flenderson,Toby,Flenderson
13,Oscar Martinez,Oscar,Martinez
13,Phyllis Lapin,Phyllis,Lapin
13,Creed Bratton,Creed,Bratton
14,Michael Scott,Michael,Scott
14,Dwight Schrute,Dwight,Schrute
14,Jim Halpert,Jim,Halpert
14,Pam Beesly,Pam,Beesly
14,Ryan Howard,Ryan,Howard
14,Stanley Hudson,Stanley,Hudson
14,Kevin Malone,Kevin,Malone
14,Kelly Kapoor,Kelly,Kapoor
14,Angela Martin,Angela,Martin
14,Toby Flenderson,Toby,Flenderson
14,Oscar Martinez,Oscar,Martinez
14,Phyllis Lapin,Phyllis,Lapin
15,Michael Scott,Michael,Scott
15,Dwight Schrute,Dwight,Schrute
15,Jim Halpert,Jim,Halpert
15,Pam Beesly,Pam,Beesly
15,Ryan Howard,Ryan,Howard
15,Todd Packer,Todd,Packer
15,Stanley Hudson,Stanley,Hudson
15,Kevin Malone,Kevin,Malone
15,Kelly Kapoor,Kelly,Kapoor
15,Angela Martin,Angela,Martin
15,Toby Flenderson,Toby,Flenderson
15,Oscar Martinez,Oscar,Martinez
15,Phyllis Lapin,Phyllis,Lapin
15,Darryl Philbin,Darryl,Philbin
15,Creed Bratton,Creed,Bratton
16,Michael Scott,Michael,Scott
16,Dwight Schrute,Dwight,Schrute
16,Jim Halpert,Jim,Halpert
16,Pam Beesly,Pam,Beesly
16,Ryan Howard,Ryan,Howard
16,Stanley Hudson,Stanley,Hudson
16,Kevin Malone,Kevin,Malone
16,Angela Martin,Angela,Martin
16,Oscar Martinez,Oscar,Martinez
16,Phyllis Lapin,Phyllis,Lapin
16,Darryl Philbin,Darryl,Philbin
16,Creed Bratton,Creed,Bratton
17,Michael Scott,Michael,Scott
17,Dwight Schrute,Dwight,Schrute
17,Jim Halpert,Jim,Halpert
17,Pam Beesly,Pam,Beesly
17,Ryan Howard,Ryan,Howard
17,Stanley Hudson,Stanley,Hudson
17,Kevin Malone,Kevin,Malone
17,Angela Martin,Angela,Martin
17,Oscar Martinez,Oscar,Martinez
17,Phyllis Lapin,Phyllis,Lapin
17,Creed Bratton,Creed,Bratton
17,Kelly Kapoor,Kelly,Kapoor
17,Toby Flenderson,Toby,Flenderson
18,Michael Scott,Michael,Scott
18,Dwight Schrute,Dwight,Schrute
18,Jim Halpert,Jim,Halpert
18,Pam Beesly,Pam,Beesly
18,Ryan Howard,Ryan,Howard
18,Stanley Hudson,Stanley,Hudson
18,Kevin Malone,Kevin,Malone
18,Angela Martin,Angela,Martin
18,Oscar Martinez,Oscar,Martinez
18,Phyllis Lapin,Phyllis,Lapin
18,Creed Bratton,Creed,Bratton
18,Kelly Kapoor,Kelly,Kapoor
18,Toby Flenderson,Toby,Flenderson
19,Michael Scott,Michael,Scott
19,Dwight Schrute,Dwight,Schrute
19,Jim Halpert,Jim,Halpert
19,Pam Beesly,Pam,Beesly
19,Ryan Howard,Ryan,Howard
19,Ed Truck,Ed,Truck
19,Todd Packer,Todd,Packer
19,Stanley Hudson,Stanley,Hudson
19,Kevin Malone,Kevin,Malone
19,Angela Martin,Angela,Martin
19,Oscar Martinez,Oscar,Martinez
19,Phyllis Lapin,Phyllis,Lapin
19,Darryl Philbin,Darryl,Philbin
19,Creed Bratton,Creed,Bratton
19,Kelly Kapoor,Kelly,Kapoor
19,Toby Flenderson,Toby,Flenderson
20,Michael Scott,Michael,Scott
20,Dwight Schrute,Dwight,Schrute
20,Jim Halpert,Jim,Halpert
20,Pam Beesly,Pam,Beesly
20,Ryan Howard,Ryan,Howard
20,Jan Levinson,Jan,Levinson
20,Stanley Hudson,Stanley,Hudson
20,Kevin Malone,Kevin,Malone
20,Angela Martin,Angela,Martin
20,Phyllis Lapin,Phyllis,Lapin
20,Darryl Philbin,Darryl,Philbin
20,Creed Bratton,Creed,Bratton
20,Kelly Kapoor,Kelly,Kapoor
20,Toby Flenderson,Toby,Flenderson
21,Michael Scott,Michael,Scott
21,Dwight Schrute,Dwight,Schrute
21,Jim Halpert,Jim,Halpert
21,Pam Beesly,Pam,Beesly
21,Ryan Howard,Ryan,Howard
21,Jan Levinson,Jan,Levinson
21,Stanley Hudson,Stanley,Hudson
21,Kevin Malone,Kevin,Malone
21,Angela Martin,Angela,Martin
21,Oscar Martinez,Oscar,Martinez
21,Phyllis Lapin,Phyllis,Lapin
21,Josh Porter,Josh,Porter
21,David Wallace,David,Wallace
21,Creed Bratton,Creed,Bratton
22,Michael Scott,Michael,Scott
22,Dwight Schrute,Dwight,Schrute
22,Jim Halpert,Jim,Halpert
22,Pam Beesly,Pam,Beesly
22,Ryan Howard,Ryan,Howard
22,Stanley Hudson,Stanley,Hudson
22,Kevin Malone,Kevin,Malone
22,Angela Martin,Angela,Martin
22,Oscar Martinez,Oscar,Martinez
22,Phyllis Lapin,Phyllis,Lapin
22,Creed Bratton,Creed,Bratton
22,Kelly Kapoor,Kelly,Kapoor
22,Toby Flenderson,Toby,Flenderson
23,Michael Scott,Michael,Scott
23,Dwight Schrute,Dwight,Schrute
23,Jim Halpert,Jim,Halpert
23,Pam Beesly,Pam,Beesly
23,Ryan Howard,Ryan,Howard
23,Stanley Hudson,Stanley,Hudson
23,Kevin Malone,Kevin,Malone
23,Angela Martin,Angela,Martin
23,Oscar Martinez,Oscar,Martinez
23,Phyllis Lapin,Phyllis,Lapin
23,Darryl Philbin,Darryl,Philbin
23,Creed Bratton,Creed,Bratton
24,Michael Scott,Michael,Scott
24,Dwight Schrute,Dwight,Schrute
24,Jim Halpert,Jim,Halpert
24,Pam Beesly,Pam,Beesly
24,Ryan Howard,Ryan,Howard
24,Jan Levinson,Jan,Levinson
24,Stanley Hudson,Stanley,Hudson
24,Kevin Malone,Kevin,Malone
24,Angela Martin,Angela,Martin
24,Oscar Martinez,Oscar,Martinez
24,Phyllis Lapin,Phyllis,Lapin
24,Creed Bratton,Creed,Bratton
24,Kelly Kapoor,Kelly,Kapoor
24,Toby Flenderson,Toby,Flenderson
25,Michael Scott,Michael,Scott
25,Dwight Schrute,Dwight,Schrute
25,Jim Halpert,Jim,Halpert
25,Pam Beesly,Pam,Beesly
25,Ryan Howard,Ryan,Howard
25,Stanley Hudson,Stanley,Hudson
25,Kevin Malone,Kevin,Malone
25,Angela Martin,Angela,Martin
25,Oscar Martinez,Oscar,Martinez
25,Phyllis Lapin,Phyllis,Lapin
25,Creed Bratton,Creed,Bratton
25,Kelly Kapoor,Kelly,Kapoor
25,Toby Flenderson,Toby,Flenderson
26,Michael Scott,Michael,Scott
26,Dwight Schrute,Dwight,Schrute
26,Jim Halpert,Jim,Halpert
26,Pam Beesly,Pam,Beesly
26,Ryan Howard,Ryan,Howard
26,Jan Levinson,Jan,Levinson
26,Stanley Hudson,Stanley,Hudson
26,Kevin Malone,Kevin,Malone
26,Angela Martin,Angela,Martin
26,Oscar Martinez,Oscar,Martinez
26,Phyllis Lapin,Phyllis,Lapin
26,Creed Bratton,Creed,Bratton
26,Kelly Kapoor,Kelly,Kapoor
26,Toby Flenderson,Toby,Flenderson
27,Michael Scott,Michael,Scott
27,Dwight Schrute,Dwight,Schrute
27,Jim Halpert,Jim,Halpert
27,Pam Beesly,Pam,Beesly
27,Ryan Howard,Ryan,Howard
27,Jan Levinson,Jan,Levinson
27,Stanley Hudson,Stanley,Hudson
27,Kevin Malone,Kevin,Malone
27,Angela Martin,Angela,Martin
27,Oscar Martinez,Oscar,Martinez
27,Phyllis Lapin,Phyllis,Lapin
27,Darryl Philbin,Darryl,Philbin
27,Creed Bratton,Creed,Bratton
28,Michael Scott,Michael,Scott
28,Dwight Schrute,Dwight,Schrute
28,Jim Halpert,Jim,Halpert
28,Pam Beesly,Pam,Beesly
28,Ryan Howard,Ryan,Howard
28,Jan Levinson,Jan,Levinson
28,Stanley Hudson,Stanley,Hudson
28,Kevin Malone,Kevin,Malone
28,Kelly Kapoor,Kelly,Kapoor
28,Angela Martin,Angela,Martin
28,Toby Flenderson,Toby,Flenderson
28,Oscar Martinez,Oscar,Martinez
28,Phyllis Lapin,Phyllis,Lapin
28,Creed Bratton,Creed,Bratton
28,Josh Porter,Josh,Porter
28,Andy Bernard,Andy,Bernard
29,Michael Scott,Michael,Scott
29,Dwight Schrute,Dwight,Schrute
29,Jim Halpert,Jim,Halpert
29,Pam Beesly,Pam,Beesly
29,Ryan Howard,Ryan,Howard
29,Jan Levinson,Jan,Levinson
29,Stanley Hudson,Stanley,Hudson
29,Kevin Malone,Kevin,Malone
29,Kelly Kapoor,Kelly,Kapoor
29,Angela Martin,Angela,Martin
29,Toby Flenderson,Toby,Flenderson
29,Phyllis Lapin,Phyllis,Lapin
29,Creed Bratton,Creed,Bratton
29,Josh Porter,Josh,Porter
30,Michael Scott,Michael,Scott
30,Dwight Schrute,Dwight,Schrute
30,Jim Halpert,Jim,Halpert
30,Pam Beesly,Pam,Beesly
30,Ryan Howard,Ryan,Howard
30,Jan Levinson,Jan,Levinson
30,Stanley Hudson,Stanley,Hudson
30,Kevin Malone,Kevin,Malone
30,Kelly Kapoor,Kelly,Kapoor
30,Angela Martin,Angela,Martin
30,Toby Flenderson,Toby,Flenderson
30,Phyllis Lapin,Phyllis,Lapin
30,Creed Bratton,Creed,Bratton
30,Josh Porter,Josh,Porter
30,Andy Bernard,Andy,Bernard
31,Michael Scott,Michael,Scott
31,Dwight Schrute,Dwight,Schrute
31,Jim Halpert,Jim,Halpert
31,Pam Beesly,Pam,Beesly
31,Ryan Howard,Ryan,Howard
31,Jan Levinson,Jan,Levinson
31,Stanley Hudson,Stanley,Hudson
31,Kevin Malone,Kevin,Malone
31,Kelly Kapoor,Kelly,Kapoor
31,Angela Martin,Angela,Martin
31,Toby Flenderson,Toby,Flenderson
31,Phyllis Lapin,Phyllis,Lapin
31,Creed Bratton,Creed,Bratton
31,Josh Porter,Josh,Porter
31,Andy Bernard,Andy,Bernard
32,Michael Scott,Michael,Scott
32,Dwight Schrute,Dwight,Schrute
32,Jim Halpert,Jim,Halpert
32,Pam Beesly,Pam,Beesly
32,Ryan Howard,Ryan,Howard
32,Jan Levinson,Jan,Levinson
32,Stanley Hudson,Stanley,Hudson
32,Kevin Malone,Kevin,Malone
32,Kelly Kapoor,Kelly,Kapoor
32,Angela Martin,Angela,Martin
32,Toby Flenderson,Toby,Flenderson
32,Phyllis Lapin,Phyllis,Lapin
32,Creed Bratton,Creed,Bratton
32,Andy Bernard,Andy,Bernard
33,Michael Scott,Michael,Scott
33,Dwight Schrute,Dwight,Schrute
33,Jim Halpert,Jim,Halpert
33,Pam Beesly,Pam,Beesly
33,Ryan Howard,Ryan,Howard
33,Stanley Hudson,Stanley,Hudson
33,Kevin Malone,Kevin,Malone
33,Kelly Kapoor,Kelly,Kapoor
33,Angela Martin,Angela,Martin
33,Toby Flenderson,Toby,Flenderson
33,Phyllis Lapin,Phyllis,Lapin
33,Creed Bratton,Creed,Bratton
33,Josh Porter,Josh,Porter
33,Andy Bernard,Andy,Bernard
34,Michael Scott,Michael,Scott
34,Dwight Schrute,Dwight,Schrute
34,Jim Halpert,Jim,Halpert
34,Pam Beesly,Pam,Beesly
34,Ryan Howard,Ryan,Howard
34,Jan Levinson,Jan,Levinson
34,Stanley Hudson,Stanley,Hudson
34,Kevin Malone,Kevin,Malone
34,Kelly Kapoor,Kelly,Kapoor
34,Angela Martin,Angela,Martin
34,Toby Flenderson,Toby,Flenderson
34,Phyllis Lapin,Phyllis,Lapin
34,Creed Bratton,Creed,Bratton
34,Josh Porter,Josh,Porter
34,Andy Bernard,Andy,Bernard
35,Michael Scott,Michael,Scott
35,Dwight Schrute,Dwight,Schrute
35,Jim Halpert,Jim,Halpert
35,Pam Beesly,Pam,Beesly
35,Ryan Howard,Ryan,Howard
35,Jan Levinson,Jan,Levinson
35,Stanley Hudson,Stanley,Hudson
35,Kevin Malone,Kevin,Malone
35,Kelly Kapoor,Kelly,Kapoor
35,Angela Martin,Angela,Martin
35,Toby Flenderson,Toby,Flenderson
35,Phyllis Lapin,Phyllis,Lapin
35,Creed Bratton,Creed,Bratton
35,Andy Bernard,Andy,Bernard
36,Michael Scott,Michael,Scott
36,Dwight Schrute,Dwight,Schrute
36,Pam Beesly,Pam,Beesly
36,Jim Halpert,Jim,Halpert
36,Ryan Howard,Ryan,Howard
36,Jan Levinson,Jan,Levinson
36,Stanley Hudson,Stanley,Hudson
36,Kevin Malone,Kevin,Malone
36,Kelly Kapoor,Kelly,Kapoor
36,Angela Martin,Angela,Martin
36,Toby Flenderson,Toby,Flenderson
36,Phyllis Lapin,Phyllis,Lapin
36,Creed Bratton,Creed,Bratton
36,Andy Bernard,Andy,Bernard
37,Michael Scott,Michael,Scott
37,Dwight Schrute,Dwight,Schrute
37,Jim Halpert,Jim,Halpert
37,Pam Beesly,Pam,Beesly
37,Ryan Howard,Ryan,Howard
37,Stanley Hudson,Stanley,Hudson
37,Kevin Malone,Kevin,Malone
37,Kelly Kapoor,Kelly,Kapoor
37,Angela Martin,Angela,Martin
37,Toby Flenderson,Toby,Flenderson
37,Oscar Martinez,Oscar,Martinez
37,Phyllis Lapin,Phyllis,Lapin
37,Creed Bratton,Creed,Bratton
37,Andy Bernard,Andy,Bernard
38,Michael Scott,Michael,Scott
38,Dwight Schrute,Dwight,Schrute
38,Jim Halpert,Jim,Halpert
38,Pam Beesly,Pam,Beesly
38,Ryan Howard,Ryan,Howard
38,Jan Levinson,Jan,Levinson
38,Stanley Hudson,Stanley,Hudson
38,Kevin Malone,Kevin,Malone
38,Kelly Kapoor,Kelly,Kapoor
38,Angela Martin,Angela,Martin
38,Todd Packer,Todd,Packer
38,Toby Flenderson,Toby,Flenderson
38,Phyllis Lapin,Phyllis,Lapin
38,Creed Bratton,Creed,Bratton
38,Andy Bernard,Andy,Bernard
39,Michael Scott,Michael,Scott
39,Dwight Schrute,Dwight,Schrute
39,Jim Halpert,Jim,Halpert
39,Pam Beesly,Pam,Beesly
39,Ryan Howard,Ryan,Howard
39,Jan Levinson,Jan,Levinson
39,Stanley Hudson,Stanley,Hudson
39,Kevin Malone,Kevin,Malone
39,Kelly Kapoor,Kelly,Kapoor
39,Angela Martin,Angela,Martin
39,Phyllis Lapin,Phyllis,Lapin
39,Creed Bratton,Creed,Bratton
39,Andy Bernard,Andy,Bernard
40,Michael Scott,Michael,Scott
40,Dwight Schrute,Dwight,Schrute
40,Jim Halpert,Jim,Halpert
40,Pam Beesly,Pam,Beesly
40,Ryan Howard,Ryan,Howard
40,Stanley Hudson,Stanley,Hudson
40,Kevin Malone,Kevin,Malone
40,Kelly Kapoor,Kelly,Kapoor
40,Angela Martin,Angela,Martin
40,Toby Flenderson,Toby,Flenderson
40,Oscar Martinez,Oscar,Martinez
40,Phyllis Lapin,Phyllis,Lapin
40,Creed Bratton,Creed,Bratton
40,Andy Bernard,Andy,Bernard
41,Michael Scott,Michael,Scott
41,Dwight Schrute,Dwight,Schrute
41,Jim Halpert,Jim,Halpert
41,Pam Beesly,Pam,Beesly
41,Ryan Howard,Ryan,Howard
41,Jan Levinson,Jan,Levinson
41,Stanley Hudson,Stanley,Hudson
41,Kevin Malone,Kevin,Malone
41,Kelly Kapoor,Kelly,Kapoor
41,Angela Martin,Angela,Martin
41,Phyllis Lapin,Phyllis,Lapin
41,Creed Bratton,Creed,Bratton
41,Todd Packer,Todd,Packer
42,Michael Scott,Michael,Scott
42,Dwight Schrute,Dwight,Schrute
42,Jim Halpert,Jim,Halpert
42,Pam Beesly,Pam,Beesly
42,Ryan Howard,Ryan,Howard
42,Stanley Hudson,Stanley,Hudson
42,Kevin Malone,Kevin,Malone
42,Kelly Kapoor,Kelly,Kapoor
42,Angela Martin,Angela,Martin
42,Toby Flenderson,Toby,Flenderson
42,Oscar Martinez,Oscar,Martinez
42,Phyllis Lapin,Phyllis,Lapin
42,Creed Bratton,Creed,Bratton
43,Michael Scott,Michael,Scott
43,Dwight Schrute,Dwight,Schrute
43,Jim Halpert,Jim,Halpert
43,Pam Beesly,Pam,Beesly
43,Ryan Howard,Ryan,Howard
43,Stanley Hudson,Stanley,Hudson
43,Kevin Malone,Kevin,Malone
43,Kelly Kapoor,Kelly,Kapoor
43,Angela Martin,Angela,Martin
43,Toby Flenderson,Toby,Flenderson
43,Oscar Martinez,Oscar,Martinez
43,Creed Bratton,Creed,Bratton
44,Michael Scott,Michael,Scott
44,Dwight Schrute,Dwight,Schrute
44,Jim Halpert,Jim,Halpert
44,Pam Beesly,Pam,Beesly
44,Ryan Howard,Ryan,Howard
44,Jan Levinson,Jan,Levinson
44,Stanley Hudson,Stanley,Hudson
44,Kevin Malone,Kevin,Malone
44,Kelly Kapoor,Kelly,Kapoor
44,Angela Martin,Angela,Martin
44,Toby Flenderson,Toby,Flenderson
44,Oscar Martinez,Oscar,Martinez
44,Creed Bratton,Creed,Bratton
44,David Wallace,David,Wallace
45,Michael Scott,Michael,Scott
45,Dwight Schrute,Dwight,Schrute
45,Jim Halpert,Jim,Halpert
45,Pam Beesly,Pam,Beesly
45,Ryan Howard,Ryan,Howard
45,Jan Levinson,Jan,Levinson
45,Andy Bernard,Andy,Bernard
45,Stanley Hudson,Stanley,Hudson
45,Kevin Malone,Kevin,Malone
45,Kelly Kapoor,Kelly,Kapoor
45,Angela Martin,Angela,Martin
45,Toby Flenderson,Toby,Flenderson
45,Oscar Martinez,Oscar,Martinez
45,Creed Bratton,Creed,Bratton
45,Darryl Philbin,Darryl,Philbin
46,Michael Scott,Michael,Scott
46,Dwight Schrute,Dwight,Schrute
46,Jim Halpert,Jim,Halpert
46,Pam Beesly,Pam,Beesly
46,Ryan Howard,Ryan,Howard
46,Andy Bernard,Andy,Bernard
46,Stanley Hudson,Stanley,Hudson
46,Kevin Malone,Kevin,Malone
46,Kelly Kapoor,Kelly,Kapoor
46,Angela Martin,Angela,Martin
46,Toby Flenderson,Toby,Flenderson
46,Oscar Martinez,Oscar,Martinez
46,Creed Bratton,Creed,Bratton
46,Darryl Philbin,Darryl,Philbin
47,Michael Scott,Michael,Scott
47,Dwight Schrute,Dwight,Schrute
47,Jim Halpert,Jim,Halpert
47,Pam Beesly,Pam,Beesly
47,Ryan Howard,Ryan,Howard
47,Andy Bernard,Andy,Bernard
47,Stanley Hudson,Stanley,Hudson
47,Kevin Malone,Kevin,Malone
47,Kelly Kapoor,Kelly,Kapoor
47,Angela Martin,Angela,Martin
47,Toby Flenderson,Toby,Flenderson
47,Oscar Martinez,Oscar,Martinez
47,Creed Bratton,Creed,Bratton
48,Michael Scott,Michael,Scott
48,Dwight Schrute,Dwight,Schrute
48,Jim Halpert,Jim,Halpert
48,Pam Beesly,Pam,Beesly
48,Ryan Howard,Ryan,Howard
48,Jan Levinson,Jan,Levinson
48,Andy Bernard,Andy,Bernard
48,Stanley Hudson,Stanley,Hudson
48,Kevin Malone,Kevin,Malone
48,Kelly Kapoor,Kelly,Kapoor
48,Angela Martin,Angela,Martin
48,Toby Flenderson,Toby,Flenderson
48,Oscar Martinez,Oscar,Martinez
48,Creed Bratton,Creed,Bratton
49,Michael Scott,Michael,Scott
49,Dwight Schrute,Dwight,Schrute
49,Jim Halpert,Jim,Halpert
49,Pam Beesly,Pam,Beesly
49,Ryan Howard,Ryan,Howard
49,Andy Bernard,Andy,Bernard
49,Stanley Hudson,Stanley,Hudson
49,Kevin Malone,Kevin,Malone
49,Kelly Kapoor,Kelly,Kapoor
49,Angela Martin,Angela,Martin
49,Toby Flenderson,Toby,Flenderson
49,Oscar Martinez,Oscar,Martinez
49,Creed Bratton,Creed,Bratton
49,David Wallace,David,Wallace
50,Michael Scott,Michael,Scott
50,Dwight Schrute,Dwight,Schrute
50,Jim Halpert,Jim,Halpert
50,Pam Beesly,Pam,Beesly
50,Ryan Howard,Ryan,Howard
50,Jan Levinson,Jan,Levinson
50,Andy Bernard,Andy,Bernard
50,Stanley Hudson,Stanley,Hudson
50,Kevin Malone,Kevin,Malone
50,Kelly Kapoor,Kelly,Kapoor
50,Angela Martin,Angela,Martin
50,Toby Flenderson,Toby,Flenderson
50,Oscar Martinez,Oscar,Martinez
50,Creed Bratton,Creed,Bratton
50,David Wallace,David,Wallace
51,Michael Scott,Michael,Scott
51,Dwight Schrute,Dwight,Schrute
51,Jim Halpert,Jim,Halpert
51,Pam Beesly,Pam,Beesly
51,Ryan Howard,Ryan,Howard
51,Jan Levinson,Jan,Levinson
51,Andy Bernard,Andy,Bernard
51,Stanley Hudson,Stanley,Hudson
51,Kevin Malone,Kevin,Malone
51,Creed Bratton,Creed,Bratton
51,Kelly Kapoor,Kelly,Kapoor
51,Angela Martin,Angela,Martin
51,Toby Flenderson,Toby,Flenderson
51,Oscar Martinez,Oscar,Martinez
51,Darryl Philbin,Darryl,Philbin
52,Michael Scott,Michael,Scott
52,Dwight Schrute,Dwight,Schrute
52,Jim Halpert,Jim,Halpert
52,Pam Beesly,Pam,Beesly
52,Ryan Howard,Ryan,Howard
52,Jan Levinson,Jan,Levinson
52,Andy Bernard,Andy,Bernard
52,Stanley Hudson,Stanley,Hudson
52,Kevin Malone,Kevin,Malone
52,Creed Bratton,Creed,Bratton
52,Kelly Kapoor,Kelly,Kapoor
52,Angela Martin,Angela,Martin
52,Toby Flenderson,Toby,Flenderson
52,Oscar Martinez,Oscar,Martinez
53,Michael Scott,Michael,Scott
53,Dwight Schrute,Dwight,Schrute
53,Jim Halpert,Jim,Halpert
53,Pam Beesly,Pam,Beesly
53,Ryan Howard,Ryan,Howard
53,Jan Levinson,Jan,Levinson
53,Andy Bernard,Andy,Bernard
53,Stanley Hudson,Stanley,Hudson
53,Kevin Malone,Kevin,Malone
53,Creed Bratton,Creed,Bratton
53,Kelly Kapoor,Kelly,Kapoor
53,Angela Martin,Angela,Martin
53,Toby Flenderson,Toby,Flenderson
53,Oscar Martinez,Oscar,Martinez
53,Darryl Philbin,Darryl,Philbin
54,Michael Scott,Michael,Scott
54,Dwight Schrute,Dwight,Schrute
54,Jim Halpert,Jim,Halpert
54,Pam Beesly,Pam,Beesly
54,Ryan Howard,Ryan,Howard
54,Jan Levinson,Jan,Levinson
54,Andy Bernard,Andy,Bernard
54,Stanley Hudson,Stanley,Hudson
54,Kevin Malone,Kevin,Malone
54,Creed Bratton,Creed,Bratton
54,Kelly Kapoor,Kelly,Kapoor
54,Angela Martin,Angela,Martin
54,Toby Flenderson,Toby,Flenderson
54,Oscar Martinez,Oscar,Martinez
54,Darryl Philbin,Darryl,Philbin
55,Michael Scott,Michael,Scott
55,Dwight Schrute,Dwight,Schrute
55,Jim Halpert,Jim,Halpert
55,Pam Beesly,Pam,Beesly
55,Ryan Howard,Ryan,Howard
55,Andy Bernard,Andy,Bernard
55,Stanley Hudson,Stanley,Hudson
55,Kevin Malone,Kevin,Malone
55,Creed Bratton,Creed,Bratton
55,Kelly Kapoor,Kelly,Kapoor
55,Angela Martin,Angela,Martin
55,Toby Flenderson,Toby,Flenderson
55,Oscar Martinez,Oscar,Martinez
55,Darryl Philbin,Darryl,Philbin
55,David Wallace,David,Wallace
56,Michael Scott,Michael,Scott
56,Dwight Schrute,Dwight,Schrute
56,Jim Halpert,Jim,Halpert
56,Pam Beesly,Pam,Beesly
56,Andy Bernard,Andy,Bernard
56,Stanley Hudson,Stanley,Hudson
56,Kevin Malone,Kevin,Malone
56,Creed Bratton,Creed,Bratton
56,Angela Martin,Angela,Martin
56,Toby Flenderson,Toby,Flenderson
56,Oscar Martinez,Oscar,Martinez
57,Michael Scott,Michael,Scott
57,Dwight Schrute,Dwight,Schrute
57,Jim Halpert,Jim,Halpert
57,Pam Beesly,Pam,Beesly
57,Andy Bernard,Andy,Bernard
57,Stanley Hudson,Stanley,Hudson
57,Kevin Malone,Kevin,Malone
57,Creed Bratton,Creed,Bratton
57,Kelly Kapoor,Kelly,Kapoor
57,Angela Martin,Angela,Martin
57,Toby Flenderson,Toby,Flenderson
57,Oscar Martinez,Oscar,Martinez
58,Michael Scott,Michael,Scott
58,Dwight Schrute,Dwight,Schrute
58,Jim Halpert,Jim,Halpert
58,Pam Beesly,Pam,Beesly
58,Ryan Howard,Ryan,Howard
58,Jan Levinson,Jan,Levinson
58,Andy Bernard,Andy,Bernard
58,Stanley Hudson,Stanley,Hudson
58,Kevin Malone,Kevin,Malone
58,Creed Bratton,Creed,Bratton
58,Kelly Kapoor,Kelly,Kapoor
58,Angela Martin,Angela,Martin
58,Toby Flenderson,Toby,Flenderson
58,Oscar Martinez,Oscar,Martinez
58,Darryl Philbin,Darryl,Philbin
58,David Wallace,David,Wallace
59,Michael Scott,Michael,Scott
59,Dwight Schrute,Dwight,Schrute
59,Jim Halpert,Jim,Halpert
59,Pam Beesly,Pam,Beesly
59,Jan Levinson,Jan,Levinson
59,Andy Bernard,Andy,Bernard
59,Stanley Hudson,Stanley,Hudson
59,Kevin Malone,Kevin,Malone
59,Creed Bratton,Creed,Bratton
59,Kelly Kapoor,Kelly,Kapoor
59,Angela Martin,Angela,Martin
59,Toby Flenderson,Toby,Flenderson
59,Oscar Martinez,Oscar,Martinez
60,Michael Scott,Michael,Scott
60,Dwight Schrute,Dwight,Schrute
60,Jim Halpert,Jim,Halpert
60,Pam Beesly,Pam,Beesly
60,Andy Bernard,Andy,Bernard
60,Stanley Hudson,Stanley,Hudson
60,Kevin Malone,Kevin,Malone
60,Creed Bratton,Creed,Bratton
60,Kelly Kapoor,Kelly,Kapoor
60,Angela Martin,Angela,Martin
60,Toby Flenderson,Toby,Flenderson
60,Oscar Martinez,Oscar,Martinez
61,Michael Scott,Michael,Scott
61,Dwight Schrute,Dwight,Schrute
61,Jim Halpert,Jim,Halpert
61,Pam Beesly,Pam,Beesly
61,Ryan Howard,Ryan,Howard
61,Andy Bernard,Andy,Bernard
61,Stanley Hudson,Stanley,Hudson
61,Kevin Malone,Kevin,Malone
61,Creed Bratton,Creed,Bratton
61,Kelly Kapoor,Kelly,Kapoor
61,Angela Martin,Angela,Martin
61,Toby Flenderson,Toby,Flenderson
61,Oscar Martinez,Oscar,Martinez
62,Michael Scott,Michael,Scott
62,Dwight Schrute,Dwight,Schrute
62,Jim Halpert,Jim,Halpert
62,Pam Beesly,Pam,Beesly
62,Ryan Howard,Ryan,Howard
62,Andy Bernard,Andy,Bernard
62,Stanley Hudson,Stanley,Hudson
62,Kevin Malone,Kevin,Malone
62,Creed Bratton,Creed,Bratton
62,Kelly Kapoor,Kelly,Kapoor
62,Angela Martin,Angela,Martin
62,Toby Flenderson,Toby,Flenderson
62,Oscar Martinez,Oscar,Martinez
62,Darryl Philbin,Darryl,Philbin
63,Michael Scott,Michael,Scott
63,Dwight Schrute,Dwight,Schrute
63,Jim Halpert,Jim,Halpert
63,Pam Beesly,Pam,Beesly
63,Andy Bernard,Andy,Bernard
63,Stanley Hudson,Stanley,Hudson
63,Kevin Malone,Kevin,Malone
63,Creed Bratton,Creed,Bratton
63,Kelly Kapoor,Kelly,Kapoor
63,Angela Martin,Angela,Martin
63,Oscar Martinez,Oscar,Martinez
63,Darryl Philbin,Darryl,Philbin
64,Michael Scott,Michael,Scott
64,Dwight Schrute,Dwight,Schrute
64,Jim Halpert,Jim,Halpert
64,Pam Beesly,Pam,Beesly
64,Ryan Howard,Ryan,Howard
64,Jan Levinson,Jan,Levinson
64,Andy Bernard,Andy,Bernard
64,Stanley Hudson,Stanley,Hudson
64,Kevin Malone,Kevin,Malone
64,Creed Bratton,Creed,Bratton
64,Kelly Kapoor,Kelly,Kapoor
64,Angela Martin,Angela,Martin
64,Toby Flenderson,Toby,Flenderson
64,Oscar Martinez,Oscar,Martinez
64,Darryl Philbin,Darryl,Philbin
65,Michael Scott,Michael,Scott
65,Dwight Schrute,Dwight,Schrute
65,Jim Halpert,Jim,Halpert
65,Pam Beesly,Pam,Beesly
65,Ryan Howard,Ryan,Howard
65,Jan Levinson,Jan,Levinson
65,Andy Bernard,Andy,Bernard
65,Stanley Hudson,Stanley,Hudson
65,Kevin Malone,Kevin,Malone
65,Creed Bratton,Creed,Bratton
65,Kelly Kapoor,Kelly,Kapoor
65,Angela Martin,Angela,Martin
65,Toby Flenderson,Toby,Flenderson
65,Oscar Martinez,Oscar,Martinez
65,Darryl Philbin,Darryl,Philbin
65,Holly Flax,Holly,Flax
66,Michael Scott,Michael,Scott
66,Dwight Schrute,Dwight,Schrute
66,Jim Halpert,Jim,Halpert
66,Pam Beesly,Pam,Beesly
66,Ryan Howard,Ryan,Howard
66,Andy Bernard,Andy,Bernard
66,Stanley Hudson,Stanley,Hudson
66,Kevin Malone,Kevin,Malone
66,Creed Bratton,Creed,Bratton
66,Kelly Kapoor,Kelly,Kapoor
66,Angela Martin,Angela,Martin
66,Oscar Martinez,Oscar,Martinez
66,Holly Flax,Holly,Flax
67,Michael Scott,Michael,Scott
67,Dwight Schrute,Dwight,Schrute
67,Jim Halpert,Jim,Halpert
67,Pam Beesly,Pam,Beesly
67,Ryan Howard,Ryan,Howard
67,Andy Bernard,Andy,Bernard
67,Jan Levinson,Jan,Levinson
67,Stanley Hudson,Stanley,Hudson
67,Kevin Malone,Kevin,Malone
67,Creed Bratton,Creed,Bratton
67,Kelly Kapoor,Kelly,Kapoor
67,Angela Martin,Angela,Martin
67,Oscar Martinez,Oscar,Martinez
67,Darryl Philbin,Darryl,Philbin
67,Holly Flax,Holly,Flax
68,Michael Scott,Michael,Scott
68,Dwight Schrute,Dwight,Schrute
68,Jim Halpert,Jim,Halpert
68,Pam Beesly,Pam,Beesly
68,Ryan Howard,Ryan,Howard
68,Andy Bernard,Andy,Bernard
68,Stanley Hudson,Stanley,Hudson
68,Kevin Malone,Kevin,Malone
68,Creed Bratton,Creed,Bratton
68,Kelly Kapoor,Kelly,Kapoor
68,Angela Martin,Angela,Martin
68,Oscar Martinez,Oscar,Martinez
68,Darryl Philbin,Darryl,Philbin
68,Holly Flax,Holly,Flax
68,David Wallace,David,Wallace
69,Michael Scott,Michael,Scott
69,Dwight Schrute,Dwight,Schrute
69,Jim Halpert,Jim,Halpert
69,Pam Beesly,Pam,Beesly
69,Ryan Howard,Ryan,Howard
69,Andy Bernard,Andy,Bernard
69,Stanley Hudson,Stanley,Hudson
69,Kevin Malone,Kevin,Malone
69,Creed Bratton,Creed,Bratton
69,Kelly Kapoor,Kelly,Kapoor
69,Angela Martin,Angela,Martin
69,Oscar Martinez,Oscar,Martinez
69,Darryl Philbin,Darryl,Philbin
69,Holly Flax,Holly,Flax
70,Michael Scott,Michael,Scott
70,Dwight Schrute,Dwight,Schrute
70,Jim Halpert,Jim,Halpert
70,Pam Beesly,Pam,Beesly
70,Ryan Howard,Ryan,Howard
70,Andy Bernard,Andy,Bernard
70,Stanley Hudson,Stanley,Hudson
70,Kevin Malone,Kevin,Malone
70,Creed Bratton,Creed,Bratton
70,Kelly Kapoor,Kelly,Kapoor
70,Angela Martin,Angela,Martin
70,Oscar Martinez,Oscar,Martinez
70,Darryl Philbin,Darryl,Philbin
71,Michael Scott,Michael,Scott
71,Dwight Schrute,Dwight,Schrute
71,Jim Halpert,Jim,Halpert
71,Pam Beesly,Pam,Beesly
71,Ryan Howard,Ryan,Howard
71,Andy Bernard,Andy,Bernard
71,Stanley Hudson,Stanley,Hudson
71,Kevin Malone,Kevin,Malone
71,Creed Bratton,Creed,Bratton
71,Kelly Kapoor,Kelly,Kapoor
71,Angela Martin,Angela,Martin
71,Oscar Martinez,Oscar,Martinez
71,Darryl Philbin,Darryl,Philbin
71,David Wallace,David,Wallace
72,Michael Scott,Michael,Scott
72,Dwight Schrute,Dwight,Schrute
72,Jim Halpert,Jim,Halpert
72,Pam Beesly,Pam,Beesly
72,Ryan Howard,Ryan,Howard
72,Andy Bernard,Andy,Bernard
72,Stanley Hudson,Stanley,Hudson
72,Kevin Malone,Kevin,Malone
72,Creed Bratton,Creed,Bratton
72,Kelly Kapoor,Kelly,Kapoor
72,Angela Martin,Angela,Martin
72,Toby Flenderson,Toby,Flenderson
72,Oscar Martinez,Oscar,Martinez
72,David Wallace,David,Wallace
73,Michael Scott,Michael,Scott
73,Dwight Schrute,Dwight,Schrute
73,Jim Halpert,Jim,Halpert
73,Pam Beesly,Pam,Beesly
73,Ryan Howard,Ryan,Howard
73,Andy Bernard,Andy,Bernard
73,Stanley Hudson,Stanley,Hudson
73,Kevin Malone,Kevin,Malone
73,Creed Bratton,Creed,Bratton
73,Kelly Kapoor,Kelly,Kapoor
73,Angela Martin,Angela,Martin
73,Toby Flenderson,Toby,Flenderson
73,Oscar Martinez,Oscar,Martinez
73,David Wallace,David,Wallace
74,Michael Scott,Michael,Scott
74,Dwight Schrute,Dwight,Schrute
74,Jim Halpert,Jim,Halpert
74,Pam Beesly,Pam,Beesly
74,Ryan Howard,Ryan,Howard
74,Andy Bernard,Andy,Bernard
74,Stanley Hudson,Stanley,Hudson
74,Kevin Malone,Kevin,Malone
74,Creed Bratton,Creed,Bratton
74,Kelly Kapoor,Kelly,Kapoor
74,Angela Martin,Angela,Martin
74,Toby Flenderson,Toby,Flenderson
74,Oscar Martinez,Oscar,Martinez
74,Darryl Philbin,Darryl,Philbin
75,Michael Scott,Michael,Scott
75,Dwight Schrute,Dwight,Schrute
75,Jim Halpert,Jim,Halpert
75,Pam Beesly,Pam,Beesly
75,Ryan Howard,Ryan,Howard
75,Andy Bernard,Andy,Bernard
75,Stanley Hudson,Stanley,Hudson
75,Kevin Malone,Kevin,Malone
75,Creed Bratton,Creed,Bratton
75,Kelly Kapoor,Kelly,Kapoor
75,Angela Martin,Angela,Martin
75,Toby Flenderson,Toby,Flenderson
75,Oscar Martinez,Oscar,Martinez
75,David Wallace,David,Wallace
76,Michael Scott,Michael,Scott
76,Dwight Schrute,Dwight,Schrute
76,Jim Halpert,Jim,Halpert
76,Pam Beesly,Pam,Beesly
76,Ryan Howard,Ryan,Howard
76,Andy Bernard,Andy,Bernard
76,Stanley Hudson,Stanley,Hudson
76,Kevin Malone,Kevin,Malone
76,Creed Bratton,Creed,Bratton
76,Kelly Kapoor,Kelly,Kapoor
76,Angela Martin,Angela,Martin
76,Toby Flenderson,Toby,Flenderson
76,Oscar Martinez,Oscar,Martinez
76,David Wallace,David,Wallace
77,Michael Scott,Michael,Scott
77,Dwight Schrute,Dwight,Schrute
77,Jim Halpert,Jim,Halpert
77,Pam Beesly,Pam,Beesly
77,Ryan Howard,Ryan,Howard
77,Andy Bernard,Andy,Bernard
77,Oscar Martinez,Oscar,Martinez
77,Kevin Malone,Kevin,Malone
77,Angela Martin,Angela,Martin
77,Stanley Hudson,Stanley,Hudson
77,Kelly Kapoor,Kelly,Kapoor
77,Toby Flenderson,Toby,Flenderson
77,Creed Bratton,Creed,Bratton
77,David Wallace,David,Wallace
77,Darryl Philbin,Darryl,Philbin
78,Michael Scott,Michael,Scott
78,Dwight Schrute,Dwight,Schrute
78,Jim Halpert,Jim,Halpert
78,Pam Beesly,Pam,Beesly
78,Ryan Howard,Ryan,Howard
78,Andy Bernard,Andy,Bernard
78,Stanley Hudson,Stanley,Hudson
78,Kevin Malone,Kevin,Malone
78,Creed Bratton,Creed,Bratton
78,Kelly Kapoor,Kelly,Kapoor
78,Angela Martin,Angela,Martin
78,Toby Flenderson,Toby,Flenderson
78,Oscar Martinez,Oscar,Martinez
79,Michael Scott,Michael,Scott
79,Dwight Schrute,Dwight,Schrute
79,Jim Halpert,Jim,Halpert
79,Pam Beesly,Pam,Beesly
79,Ryan Howard,Ryan,Howard
79,Stanley Hudson,Stanley,Hudson
79,Kevin Malone,Kevin,Malone
79,Creed Bratton,Creed,Bratton
79,Kelly Kapoor,Kelly,Kapoor
79,Angela Martin,Angela,Martin
79,Toby Flenderson,Toby,Flenderson
79,Oscar Martinez,Oscar,Martinez
80,Michael Scott,Michael,Scott
80,Dwight Schrute,Dwight,Schrute
80,Jim Halpert,Jim,Halpert
80,Pam Beesly,Pam,Beesly
80,Ryan Howard,Ryan,Howard
80,Stanley Hudson,Stanley,Hudson
80,Kevin Malone,Kevin,Malone
80,Creed Bratton,Creed,Bratton
80,Kelly Kapoor,Kelly,Kapoor
80,Angela Martin,Angela,Martin
80,Oscar Martinez,Oscar,Martinez
81,Michael Scott,Michael,Scott
81,Dwight Schrute,Dwight,Schrute
81,Jim Halpert,Jim,Halpert
81,Pam Beesly,Pam,Beesly
81,Ryan Howard,Ryan,Howard
81,Andy Bernard,Andy,Bernard
81,Stanley Hudson,Stanley,Hudson
81,Kevin Malone,Kevin,Malone
81,Creed Bratton,Creed,Bratton
81,Angela Martin,Angela,Martin
81,Darryl Philbin,Darryl,Philbin
81,Oscar Martinez,Oscar,Martinez
81,David Wallace,David,Wallace
82,Michael Scott,Michael,Scott
82,Dwight Schrute,Dwight,Schrute
82,Jim Halpert,Jim,Halpert
82,Pam Beesly,Pam,Beesly
82,Ryan Howard,Ryan,Howard
82,Andy Bernard,Andy,Bernard
82,Stanley Hudson,Stanley,Hudson
82,Kevin Malone,Kevin,Malone
82,Creed Bratton,Creed,Bratton
82,Kelly Kapoor,Kelly,Kapoor
82,Angela Martin,Angela,Martin
82,Oscar Martinez,Oscar,Martinez
82,Charles Miner,Charles,Miner
82,David Wallace,David,Wallace
83,Michael Scott,Michael,Scott
83,Dwight Schrute,Dwight,Schrute
83,Jim Halpert,Jim,Halpert
83,Pam Beesly,Pam,Beesly
83,Ryan Howard,Ryan,Howard
83,Andy Bernard,Andy,Bernard
83,Stanley Hudson,Stanley,Hudson
83,Kevin Malone,Kevin,Malone
83,Creed Bratton,Creed,Bratton
83,Kelly Kapoor,Kelly,Kapoor
83,Angela Martin,Angela,Martin
83,Toby Flenderson,Toby,Flenderson
83,Oscar Martinez,Oscar,Martinez
83,Charles Miner,Charles,Miner
84,Michael Scott,Michael,Scott
84,Dwight Schrute,Dwight,Schrute
84,Jim Halpert,Jim,Halpert
84,Pam Beesly,Pam,Beesly
84,Ryan Howard,Ryan,Howard
84,Andy Bernard,Andy,Bernard
84,Stanley Hudson,Stanley,Hudson
84,Kevin Malone,Kevin,Malone
84,Creed Bratton,Creed,Bratton
84,Kelly Kapoor,Kelly,Kapoor
84,Angela Martin,Angela,Martin
84,Oscar Martinez,Oscar,Martinez
84,Darryl Philbin,Darryl,Philbin
84,Charles Miner,Charles,Miner
85,Michael Scott,Michael,Scott
85,Dwight Schrute,Dwight,Schrute
85,Jim Halpert,Jim,Halpert
85,Pam Beesly,Pam,Beesly
85,Ryan Howard,Ryan,Howard
85,Andy Bernard,Andy,Bernard
85,Stanley Hudson,Stanley,Hudson
85,Kevin Malone,Kevin,Malone
85,Creed Bratton,Creed,Bratton
85,Kelly Kapoor,Kelly,Kapoor
85,Angela Martin,Angela,Martin
85,Toby Flenderson,Toby,Flenderson
85,Oscar Martinez,Oscar,Martinez
85,Charles Miner,Charles,Miner
85,Erin Hannon,Erin,Hannon
86,Michael Scott,Michael,Scott
86,Dwight Schrute,Dwight,Schrute
86,Jim Halpert,Jim,Halpert
86,Pam Beesly,Pam,Beesly
86,Ryan Howard,Ryan,Howard
86,Andy Bernard,Andy,Bernard
86,Stanley Hudson,Stanley,Hudson
86,Kevin Malone,Kevin,Malone
86,Creed Bratton,Creed,Bratton
86,Kelly Kapoor,Kelly,Kapoor
86,Angela Martin,Angela,Martin
86,Oscar Martinez,Oscar,Martinez
86,Charles Miner,Charles,Miner
86,Erin Hannon,Erin,Hannon
87,Michael Scott,Michael,Scott
87,Dwight Schrute,Dwight,Schrute
87,Jim Halpert,Jim,Halpert
87,Pam Beesly,Pam,Beesly
87,Ryan Howard,Ryan,Howard
87,Andy Bernard,Andy,Bernard
87,Stanley Hudson,Stanley,Hudson
87,Kevin Malone,Kevin,Malone
87,Creed Bratton,Creed,Bratton
87,Kelly Kapoor,Kelly,Kapoor
87,Angela Martin,Angela,Martin
87,Oscar Martinez,Oscar,Martinez
87,Charles Miner,Charles,Miner
87,David Wallace,David,Wallace
87,Erin Hannon,Erin,Hannon
88,Michael Scott,Michael,Scott
88,Dwight Schrute,Dwight,Schrute
88,Jim Halpert,Jim,Halpert
88,Pam Beesly,Pam,Beesly
88,Ryan Howard,Ryan,Howard
88,Andy Bernard,Andy,Bernard
88,Stanley Hudson,Stanley,Hudson
88,Kevin Malone,Kevin,Malone
88,Creed Bratton,Creed,Bratton
88,Kelly Kapoor,Kelly,Kapoor
88,Angela Martin,Angela,Martin
88,Toby Flenderson,Toby,Flenderson
88,Oscar Martinez,Oscar,Martinez
88,Darryl Philbin,Darryl,Philbin
88,Erin Hannon,Erin,Hannon
89,Michael Scott,Michael,Scott
89,Dwight Schrute,Dwight,Schrute
89,Jim Halpert,Jim,Halpert
89,Pam Beesly,Pam,Beesly
89,Ryan Howard,Ryan,Howard
89,Andy Bernard,Andy,Bernard
89,Stanley Hudson,Stanley,Hudson
89,Kevin Malone,Kevin,Malone
89,Creed Bratton,Creed,Bratton
89,Kelly Kapoor,Kelly,Kapoor
89,Angela Martin,Angela,Martin
89,Oscar Martinez,Oscar,Martinez
89,Erin Hannon,Erin,Hannon
90,Michael Scott,Michael,Scott
90,Dwight Schrute,Dwight,Schrute
90,Jim Halpert,Jim,Halpert
90,Pam Beesly,Pam,Beesly
90,Ryan Howard,Ryan,Howard
90,Andy Bernard,Andy,Bernard
90,Stanley Hudson,Stanley,Hudson
90,Kevin Malone,Kevin,Malone
90,Creed Bratton,Creed,Bratton
90,Kelly Kapoor,Kelly,Kapoor
90,Angela Martin,Angela,Martin
90,Toby Flenderson,Toby,Flenderson
90,Oscar Martinez,Oscar,Martinez
90,Holly Flax,Holly,Flax
90,Charles Miner,Charles,Miner
90,David Wallace,David,Wallace
91,Michael Scott,Michael,Scott
91,Dwight Schrute,Dwight,Schrute
91,Jim Halpert,Jim,Halpert
91,Pam Beesly,Pam,Beesly
91,Ryan Howard,Ryan,Howard
91,Andy Bernard,Andy,Bernard
91,Stanley Hudson,Stanley,Hudson
91,Kevin Malone,Kevin,Malone
91,Creed Bratton,Creed,Bratton
91,Kelly Kapoor,Kelly,Kapoor
91,Angela Martin,Angela,Martin
91,Toby Flenderson,Toby,Flenderson
91,Erin Hannon,Erin,Hannon
91,Oscar Martinez,Oscar,Martinez
92,Michael Scott,Michael,Scott
92,Dwight Schrute,Dwight,Schrute
92,Jim Halpert,Jim,Halpert
92,Pam Beesly,Pam,Beesly
92,Ryan Howard,Ryan,Howard
92,Andy Bernard,Andy,Bernard
92,Stanley Hudson,Stanley,Hudson
92,Kevin Malone,Kevin,Malone
92,Creed Bratton,Creed,Bratton
92,Kelly Kapoor,Kelly,Kapoor
92,Erin Hannon,Erin,Hannon
92,Angela Martin,Angela,Martin
92,Toby Flenderson,Toby,Flenderson
92,Oscar Martinez,Oscar,Martinez
92,Darryl Philbin,Darryl,Philbin
92,David Wallace,David,Wallace
93,Michael Scott,Michael,Scott
93,Dwight Schrute,Dwight,Schrute
93,Jim Halpert,Jim,Halpert
93,Pam Beesly,Pam,Beesly
93,Ryan Howard,Ryan,Howard
93,Andy Bernard,Andy,Bernard
93,Stanley Hudson,Stanley,Hudson
93,Kevin Malone,Kevin,Malone
93,Creed Bratton,Creed,Bratton
93,Kelly Kapoor,Kelly,Kapoor
93,Erin Hannon,Erin,Hannon
93,Angela Martin,Angela,Martin
93,Oscar Martinez,Oscar,Martinez
93,David Wallace,David,Wallace
94,Michael Scott,Michael,Scott
94,Dwight Schrute,Dwight,Schrute
94,Jim Halpert,Jim,Halpert
94,Pam Beesly,Pam,Beesly
94,Ryan Howard,Ryan,Howard
94,Andy Bernard,Andy,Bernard
94,Stanley Hudson,Stanley,Hudson
94,Kevin Malone,Kevin,Malone
94,Creed Bratton,Creed,Bratton
94,Kelly Kapoor,Kelly,Kapoor
94,Erin Hannon,Erin,Hannon
94,Angela Martin,Angela,Martin
94,Toby Flenderson,Toby,Flenderson
94,Oscar Martinez,Oscar,Martinez
95,Michael Scott,Michael,Scott
95,Dwight Schrute,Dwight,Schrute
95,Jim Halpert,Jim,Halpert
95,Pam Beesly,Pam,Beesly
95,Ryan Howard,Ryan,Howard
95,Andy Bernard,Andy,Bernard
95,Stanley Hudson,Stanley,Hudson
95,Kevin Malone,Kevin,Malone
95,Creed Bratton,Creed,Bratton
95,Erin Hannon,Erin,Hannon
95,Angela Martin,Angela,Martin
95,Toby Flenderson,Toby,Flenderson
95,Oscar Martinez,Oscar,Martinez
96,Michael Scott,Michael,Scott
96,Dwight Schrute,Dwight,Schrute
96,Jim Halpert,Jim,Halpert
96,Pam Beesly,Pam,Beesly
96,Ryan Howard,Ryan,Howard
96,Andy Bernard,Andy,Bernard
96,Stanley Hudson,Stanley,Hudson
96,Kevin Malone,Kevin,Malone
96,Creed Bratton,Creed,Bratton
96,Kelly Kapoor,Kelly,Kapoor
96,Erin Hannon,Erin,Hannon
96,Angela Martin,Angela,Martin
96,Toby Flenderson,Toby,Flenderson
96,Oscar Martinez,Oscar,Martinez
97,Michael Scott,Michael,Scott
97,Dwight Schrute,Dwight,Schrute
97,Jim Halpert,Jim,Halpert
97,Pam Beesly,Pam,Beesly
97,Ryan Howard,Ryan,Howard
97,Andy Bernard,Andy,Bernard
97,Stanley Hudson,Stanley,Hudson
97,Kevin Malone,Kevin,Malone
97,Creed Bratton,Creed,Bratton
97,Kelly Kapoor,Kelly,Kapoor
97,Erin Hannon,Erin,Hannon
97,Angela Martin,Angela,Martin
97,Toby Flenderson,Toby,Flenderson
97,Oscar Martinez,Oscar,Martinez
97,Darryl Philbin,Darryl,Philbin
98,Michael Scott,Michael,Scott
98,Dwight Schrute,Dwight,Schrute
98,Jim Halpert,Jim,Halpert
98,Pam Beesly,Pam,Beesly
98,Ryan Howard,Ryan,Howard
98,Andy Bernard,Andy,Bernard
98,Stanley Hudson,Stanley,Hudson
98,Kevin Malone,Kevin,Malone
98,Creed Bratton,Creed,Bratton
98,Kelly Kapoor,Kelly,Kapoor
98,Erin Hannon,Erin,Hannon
98,Angela Martin,Angela,Martin
98,Toby Flenderson,Toby,Flenderson
98,Oscar Martinez,Oscar,Martinez
99,Michael Scott,Michael,Scott
99,Dwight Schrute,Dwight,Schrute
99,Jim Halpert,Jim,Halpert
99,Pam Beesly,Pam,Beesly
99,Ryan Howard,Ryan,Howard
99,Andy Bernard,Andy,Bernard
99,Stanley Hudson,Stanley,Hudson
99,Kevin Malone,Kevin,Malone
99,Creed Bratton,Creed,Bratton
99,Kelly Kapoor,Kelly,Kapoor
99,Erin Hannon,Erin,Hannon
99,Angela Martin,Angela,Martin
99,Oscar Martinez,Oscar,Martinez
99,David Wallace,David,Wallace
100,Michael Scott,Michael,Scott
100,Dwight Schrute,Dwight,Schrute
100,Jim Halpert,Jim,Halpert
100,Pam Beesly,Pam,Beesly
100,Ryan Howard,Ryan,Howard
100,Andy Bernard,Andy,Bernard
100,Stanley Hudson,Stanley,Hudson
100,Kevin Malone,Kevin,Malone
100,Creed Bratton,Creed,Bratton
100,Kelly Kapoor,Kelly,Kapoor
100,Erin Hannon,Erin,Hannon
100,Angela Martin,Angela,Martin
100,Oscar Martinez,Oscar,Martinez
100,David Wallace,David,Wallace
101,Michael Scott,Michael,Scott
101,Dwight Schrute,Dwight,Schrute
101,Jim Halpert,Jim,Halpert
101,Pam Beesly,Pam,Beesly
101,Ryan Howard,Ryan,Howard
101,Andy Bernard,Andy,Bernard
101,Stanley Hudson,Stanley,Hudson
101,Kevin Malone,Kevin,Malone
101,Creed Bratton,Creed,Bratton
101,Kelly Kapoor,Kelly,Kapoor
101,Erin Hannon,Erin,Hannon
101,Angela Martin,Angela,Martin
101,Oscar Martinez,Oscar,Martinez
101,David Wallace,David,Wallace
102,Michael Scott,Michael,Scott
102,Dwight Schrute,Dwight,Schrute
102,Jim Halpert,Jim,Halpert
102,Pam Beesly,Pam,Beesly
102,Ryan Howard,Ryan,Howard
102,Andy Bernard,Andy,Bernard
102,Stanley Hudson,Stanley,Hudson
102,Kevin Malone,Kevin,Malone
102,Creed Bratton,Creed,Bratton
102,Kelly Kapoor,Kelly,Kapoor
102,Erin Hannon,Erin,Hannon
102,Angela Martin,Angela,Martin
102,Toby Flenderson,Toby,Flenderson
102,Oscar Martinez,Oscar,Martinez
102,Darryl Philbin,Darryl,Philbin
102,David Wallace,David,Wallace
103,Michael Scott,Michael,Scott
103,Dwight Schrute,Dwight,Schrute
103,Jim Halpert,Jim,Halpert
103,Pam Beesly,Pam,Beesly
103,Ryan Howard,Ryan,Howard
103,Andy Bernard,Andy,Bernard
103,Stanley Hudson,Stanley,Hudson
103,Kevin Malone,Kevin,Malone
103,Creed Bratton,Creed,Bratton
103,Kelly Kapoor,Kelly,Kapoor
103,Erin Hannon,Erin,Hannon
103,Angela Martin,Angela,Martin
103,Toby Flenderson,Toby,Flenderson
103,Oscar Martinez,Oscar,Martinez
103,Darryl Philbin,Darryl,Philbin
104,Michael Scott,Michael,Scott
104,Dwight Schrute,Dwight,Schrute
104,Jim Halpert,Jim,Halpert
104,Pam Beesly,Pam,Beesly
104,Ryan Howard,Ryan,Howard
104,Andy Bernard,Andy,Bernard
104,Stanley Hudson,Stanley,Hudson
104,Kevin Malone,Kevin,Malone
104,Creed Bratton,Creed,Bratton
104,Kelly Kapoor,Kelly,Kapoor
104,Erin Hannon,Erin,Hannon
104,Angela Martin,Angela,Martin
104,Toby Flenderson,Toby,Flenderson
104,Oscar Martinez,Oscar,Martinez
104,Jo Bennett,Jo,Bennett
104,David Wallace,David,Wallace
105,Michael Scott,Michael,Scott
105,Dwight Schrute,Dwight,Schrute
105,Jim Halpert,Jim,Halpert
105,Pam Beesly,Pam,Beesly
105,Ryan Howard,Ryan,Howard
105,Andy Bernard,Andy,Bernard
105,Stanley Hudson,Stanley,Hudson
105,Kevin Malone,Kevin,Malone
105,Creed Bratton,Creed,Bratton
105,Kelly Kapoor,Kelly,Kapoor
105,Erin Hannon,Erin,Hannon
105,Angela Martin,Angela,Martin
105,Toby Flenderson,Toby,Flenderson
105,Oscar Martinez,Oscar,Martinez
105,Jo Bennett,Jo,Bennett
106,Michael Scott,Michael,Scott
106,Dwight Schrute,Dwight,Schrute
106,Jim Halpert,Jim,Halpert
106,Pam Beesly,Pam,Beesly
106,Ryan Howard,Ryan,Howard
106,Andy Bernard,Andy,Bernard
106,Stanley Hudson,Stanley,Hudson
106,Kevin Malone,Kevin,Malone
106,Creed Bratton,Creed,Bratton
106,Kelly Kapoor,Kelly,Kapoor
106,Erin Hannon,Erin,Hannon
106,Angela Martin,Angela,Martin
106,Toby Flenderson,Toby,Flenderson
106,Oscar Martinez,Oscar,Martinez
107,Michael Scott,Michael,Scott
107,Dwight Schrute,Dwight,Schrute
107,Jim Halpert,Jim,Halpert
107,Pam Beesly,Pam,Beesly
107,Ryan Howard,Ryan,Howard
107,Andy Bernard,Andy,Bernard
107,Stanley Hudson,Stanley,Hudson
107,Kevin Malone,Kevin,Malone
107,Creed Bratton,Creed,Bratton
107,Kelly Kapoor,Kelly,Kapoor
107,Erin Hannon,Erin,Hannon
107,Angela Martin,Angela,Martin
107,Oscar Martinez,Oscar,Martinez
107,Darryl Philbin,Darryl,Philbin
107,Jo Bennett,Jo,Bennett
107,Todd Packer,Todd,Packer
108,Michael Scott,Michael,Scott
108,Dwight Schrute,Dwight,Schrute
108,Jim Halpert,Jim,Halpert
108,Pam Beesly,Pam,Beesly
108,Ryan Howard,Ryan,Howard
108,Andy Bernard,Andy,Bernard
108,Stanley Hudson,Stanley,Hudson
108,Kevin Malone,Kevin,Malone
108,Creed Bratton,Creed,Bratton
108,Kelly Kapoor,Kelly,Kapoor
108,Erin Hannon,Erin,Hannon
108,Angela Martin,Angela,Martin
108,Toby Flenderson,Toby,Flenderson
108,Oscar Martinez,Oscar,Martinez
108,Darryl Philbin,Darryl,Philbin
108,Gabe Lewis,Gabe,Lewis
109,Michael Scott,Michael,Scott
109,Dwight Schrute,Dwight,Schrute
109,Jim Halpert,Jim,Halpert
109,Pam Beesly,Pam,Beesly
109,Ryan Howard,Ryan,Howard
109,Andy Bernard,Andy,Bernard
109,Stanley Hudson,Stanley,Hudson
109,Kevin Malone,Kevin,Malone
109,Creed Bratton,Creed,Bratton
109,Kelly Kapoor,Kelly,Kapoor
109,Erin Hannon,Erin,Hannon
109,Angela Martin,Angela,Martin
109,Oscar Martinez,Oscar,Martinez
109,Darryl Philbin,Darryl,Philbin
110,Michael Scott,Michael,Scott
110,Dwight Schrute,Dwight,Schrute
110,Jim Halpert,Jim,Halpert
110,Pam Beesly,Pam,Beesly
110,Ryan Howard,Ryan,Howard
110,Andy Bernard,Andy,Bernard
110,Stanley Hudson,Stanley,Hudson
110,Kevin Malone,Kevin,Malone
110,Creed Bratton,Creed,Bratton
110,Kelly Kapoor,Kelly,Kapoor
110,Erin Hannon,Erin,Hannon
110,Angela Martin,Angela,Martin
110,Toby Flenderson,Toby,Flenderson
110,Oscar Martinez,Oscar,Martinez
110,Darryl Philbin,Darryl,Philbin
110,Gabe Lewis,Gabe,Lewis
111,Michael Scott,Michael,Scott
111,Dwight Schrute,Dwight,Schrute
111,Jim Halpert,Jim,Halpert
111,Pam Beesly,Pam,Beesly
111,Ryan Howard,Ryan,Howard
111,Andy Bernard,Andy,Bernard
111,Stanley Hudson,Stanley,Hudson
111,Kevin Malone,Kevin,Malone
111,Creed Bratton,Creed,Bratton
111,Kelly Kapoor,Kelly,Kapoor
111,Erin Hannon,Erin,Hannon
111,Angela Martin,Angela,Martin
111,Oscar Martinez,Oscar,Martinez
111,Darryl Philbin,Darryl,Philbin
111,Gabe Lewis,Gabe,Lewis
112,Michael Scott,Michael,Scott
112,Dwight Schrute,Dwight,Schrute
112,Jim Halpert,Jim,Halpert
112,Pam Beesly,Pam,Beesly
112,Ryan Howard,Ryan,Howard
112,Andy Bernard,Andy,Bernard
112,Stanley Hudson,Stanley,Hudson
112,Kevin Malone,Kevin,Malone
112,Creed Bratton,Creed,Bratton
112,Kelly Kapoor,Kelly,Kapoor
112,Erin Hannon,Erin,Hannon
112,Angela Martin,Angela,Martin
112,Oscar Martinez,Oscar,Martinez
112,Darryl Philbin,Darryl,Philbin
113,Michael Scott,Michael,Scott
113,Dwight Schrute,Dwight,Schrute
113,Jim Halpert,Jim,Halpert
113,Pam Beesly,Pam,Beesly
113,Ryan Howard,Ryan,Howard
113,Andy Bernard,Andy,Bernard
113,Stanley Hudson,Stanley,Hudson
113,Kevin Malone,Kevin,Malone
113,Creed Bratton,Creed,Bratton
113,Kelly Kapoor,Kelly,Kapoor
113,Erin Hannon,Erin,Hannon
113,Angela Martin,Angela,Martin
113,Toby Flenderson,Toby,Flenderson
113,Oscar Martinez,Oscar,Martinez
113,Darryl Philbin,Darryl,Philbin
114,Michael Scott,Michael,Scott
114,Dwight Schrute,Dwight,Schrute
114,Jim Halpert,Jim,Halpert
114,Pam Beesly,Pam,Beesly
114,Ryan Howard,Ryan,Howard
114,Andy Bernard,Andy,Bernard
114,Stanley Hudson,Stanley,Hudson
114,Kevin Malone,Kevin,Malone
114,Creed Bratton,Creed,Bratton
114,Kelly Kapoor,Kelly,Kapoor
114,Erin Hannon,Erin,Hannon
114,Angela Martin,Angela,Martin
114,Toby Flenderson,Toby,Flenderson
114,Oscar Martinez,Oscar,Martinez
114,Darryl Philbin,Darryl,Philbin
114,Jo Bennett,Jo,Bennett
115,Michael Scott,Michael,Scott
115,Dwight Schrute,Dwight,Schrute
115,Jim Halpert,Jim,Halpert
115,Pam Beesly,Pam,Beesly
115,Ryan Howard,Ryan,Howard
115,Andy Bernard,Andy,Bernard
115,Stanley Hudson,Stanley,Hudson
115,Kevin Malone,Kevin,Malone
115,Creed Bratton,Creed,Bratton
115,Kelly Kapoor,Kelly,Kapoor
115,Erin Hannon,Erin,Hannon
115,Angela Martin,Angela,Martin
115,Toby Flenderson,Toby,Flenderson
115,Oscar Martinez,Oscar,Martinez
115,Darryl Philbin,Darryl,Philbin
115,Gabe Lewis,Gabe,Lewis
116,Michael Scott,Michael,Scott
116,Dwight Schrute,Dwight,Schrute
116,Jim Halpert,Jim,Halpert
116,Pam Beesly,Pam,Beesly
116,Ryan Howard,Ryan,Howard
116,Andy Bernard,Andy,Bernard
116,Stanley Hudson,Stanley,Hudson
116,Kevin Malone,Kevin,Malone
116,Creed Bratton,Creed,Bratton
116,Kelly Kapoor,Kelly,Kapoor
116,Erin Hannon,Erin,Hannon
116,Angela Martin,Angela,Martin
116,Toby Flenderson,Toby,Flenderson
116,Oscar Martinez,Oscar,Martinez
116,Darryl Philbin,Darryl,Philbin
116,Gabe Lewis,Gabe,Lewis
117,Michael Scott,Michael,Scott
117,Dwight Schrute,Dwight,Schrute
117,Jim Halpert,Jim,Halpert
117,Pam Beesly,Pam,Beesly
117,Ryan Howard,Ryan,Howard
117,Andy Bernard,Andy,Bernard
117,Stanley Hudson,Stanley,Hudson
117,Kevin Malone,Kevin,Malone
117,Creed Bratton,Creed,Bratton
117,Kelly Kapoor,Kelly,Kapoor
117,Erin Hannon,Erin,Hannon
117,Angela Martin,Angela,Martin
117,Oscar Martinez,Oscar,Martinez
117,Darryl Philbin,Darryl,Philbin
118,Michael Scott,Michael,Scott
118,Dwight Schrute,Dwight,Schrute
118,Jim Halpert,Jim,Halpert
118,Pam Beesly,Pam,Beesly
118,Ryan Howard,Ryan,Howard
118,Andy Bernard,Andy,Bernard
118,Stanley Hudson,Stanley,Hudson
118,Kevin Malone,Kevin,Malone
118,Creed Bratton,Creed,Bratton
118,Kelly Kapoor,Kelly,Kapoor
118,Erin Hannon,Erin,Hannon
118,Angela Martin,Angela,Martin
118,Oscar Martinez,Oscar,Martinez
118,Darryl Philbin,Darryl,Philbin
118,Gabe Lewis,Gabe,Lewis
118,Holly Flax,Holly,Flax
119,Michael Scott,Michael,Scott
119,Dwight Schrute,Dwight,Schrute
119,Jim Halpert,Jim,Halpert
119,Pam Beesly,Pam,Beesly
119,Ryan Howard,Ryan,Howard
119,Andy Bernard,Andy,Bernard
119,Stanley Hudson,Stanley,Hudson
119,Kevin Malone,Kevin,Malone
119,Creed Bratton,Creed,Bratton
119,Kelly Kapoor,Kelly,Kapoor
119,Erin Hannon,Erin,Hannon
119,Angela Martin,Angela,Martin
119,Oscar Martinez,Oscar,Martinez
119,Darryl Philbin,Darryl,Philbin
119,Gabe Lewis,Gabe,Lewis
120,Michael Scott,Michael,Scott
120,Dwight Schrute,Dwight,Schrute
120,Jim Halpert,Jim,Halpert
120,Pam Beesly,Pam,Beesly
120,Ryan Howard,Ryan,Howard
120,Andy Bernard,Andy,Bernard
120,Stanley Hudson,Stanley,Hudson
120,Kevin Malone,Kevin,Malone
120,Creed Bratton,Creed,Bratton
120,Kelly Kapoor,Kelly,Kapoor
120,Erin Hannon,Erin,Hannon
120,Angela Martin,Angela,Martin
120,Toby Flenderson,Toby,Flenderson
120,Oscar Martinez,Oscar,Martinez
120,Darryl Philbin,Darryl,Philbin
120,Gabe Lewis,Gabe,Lewis
121,Michael Scott,Michael,Scott
121,Dwight Schrute,Dwight,Schrute
121,Jim Halpert,Jim,Halpert
121,Pam Beesly,Pam,Beesly
121,Ryan Howard,Ryan,Howard
121,Andy Bernard,Andy,Bernard
121,Stanley Hudson,Stanley,Hudson
121,Kevin Malone,Kevin,Malone
121,Creed Bratton,Creed,Bratton
121,Kelly Kapoor,Kelly,Kapoor
121,Erin Hannon,Erin,Hannon
121,Angela Martin,Angela,Martin
121,Toby Flenderson,Toby,Flenderson
121,Oscar Martinez,Oscar,Martinez
121,Darryl Philbin,Darryl,Philbin
121,Gabe Lewis,Gabe,Lewis
122,Michael Scott,Michael,Scott
122,Dwight Schrute,Dwight,Schrute
122,Jim Halpert,Jim,Halpert
122,Pam Beesly,Pam,Beesly
122,Ryan Howard,Ryan,Howard
122,Andy Bernard,Andy,Bernard
122,Stanley Hudson,Stanley,Hudson
122,Kevin Malone,Kevin,Malone
122,Creed Bratton,Creed,Bratton
122,Kelly Kapoor,Kelly,Kapoor
122,Erin Hannon,Erin,Hannon
122,Angela Martin,Angela,Martin
122,Oscar Martinez,Oscar,Martinez
122,Darryl Philbin,Darryl,Philbin
122,Gabe Lewis,Gabe,Lewis
123,Michael Scott,Michael,Scott
123,Dwight Schrute,Dwight,Schrute
123,Jim Halpert,Jim,Halpert
123,Pam Beesly,Pam,Beesly
123,Ryan Howard,Ryan,Howard
123,Andy Bernard,Andy,Bernard
123,Stanley Hudson,Stanley,Hudson
123,Kevin Malone,Kevin,Malone
123,Creed Bratton,Creed,Bratton
123,Kelly Kapoor,Kelly,Kapoor
123,Erin Hannon,Erin,Hannon
123,Angela Martin,Angela,Martin
123,Toby Flenderson,Toby,Flenderson
123,Oscar Martinez,Oscar,Martinez
123,Darryl Philbin,Darryl,Philbin
123,Gabe Lewis,Gabe,Lewis
124,Michael Scott,Michael,Scott
124,Dwight Schrute,Dwight,Schrute
124,Jim Halpert,Jim,Halpert
124,Pam Beesly,Pam,Beesly
124,Ryan Howard,Ryan,Howard
124,Andy Bernard,Andy,Bernard
124,Stanley Hudson,Stanley,Hudson
124,Kevin Malone,Kevin,Malone
124,Creed Bratton,Creed,Bratton
124,Kelly Kapoor,Kelly,Kapoor
124,Erin Hannon,Erin,Hannon
124,Angela Martin,Angela,Martin
124,Oscar Martinez,Oscar,Martinez
124,Darryl Philbin,Darryl,Philbin
124,Gabe Lewis,Gabe,Lewis
125,Michael Scott,Michael,Scott
125,Dwight Schrute,Dwight,Schrute
125,Jim Halpert,Jim,Halpert
125,Pam Beesly,Pam,Beesly
125,Ryan Howard,Ryan,Howard
125,Andy Bernard,Andy,Bernard
125,Stanley Hudson,Stanley,Hudson
125,Kevin Malone,Kevin,Malone
125,Creed Bratton,Creed,Bratton
125,Kelly Kapoor,Kelly,Kapoor
125,Erin Hannon,Erin,Hannon
125,Angela Martin,Angela,Martin
125,Toby Flenderson,Toby,Flenderson
125,Oscar Martinez,Oscar,Martinez
125,Darryl Philbin,Darryl,Philbin
125,Gabe Lewis,Gabe,Lewis
126,Michael Scott,Michael,Scott
126,Dwight Schrute,Dwight,Schrute
126,Jim Halpert,Jim,Halpert
126,Pam Beesly,Pam,Beesly
126,Ryan Howard,Ryan,Howard
126,Andy Bernard,Andy,Bernard
126,Stanley Hudson,Stanley,Hudson
126,Kevin Malone,Kevin,Malone
126,Creed Bratton,Creed,Bratton
126,Kelly Kapoor,Kelly,Kapoor
126,Erin Hannon,Erin,Hannon
126,Angela Martin,Angela,Martin
126,Oscar Martinez,Oscar,Martinez
126,Darryl Philbin,Darryl,Philbin
126,Gabe Lewis,Gabe,Lewis
126,Holly Flax,Holly,Flax
127,Michael Scott,Michael,Scott
127,Dwight Schrute,Dwight,Schrute
127,Jim Halpert,Jim,Halpert
127,Pam Beesly,Pam,Beesly
127,Ryan Howard,Ryan,Howard
127,Andy Bernard,Andy,Bernard
127,Stanley Hudson,Stanley,Hudson
127,Kevin Malone,Kevin,Malone
127,Creed Bratton,Creed,Bratton
127,Kelly Kapoor,Kelly,Kapoor
127,Erin Hannon,Erin,Hannon
127,Angela Martin,Angela,Martin
127,Oscar Martinez,Oscar,Martinez
127,Darryl Philbin,Darryl,Philbin
127,Gabe Lewis,Gabe,Lewis
127,Holly Flax,Holly,Flax
128,Michael Scott,Michael,Scott
128,Dwight Schrute,Dwight,Schrute
128,Jim Halpert,Jim,Halpert
128,Pam Beesly,Pam,Beesly
128,Ryan Howard,Ryan,Howard
128,Andy Bernard,Andy,Bernard
128,Stanley Hudson,Stanley,Hudson
128,Kevin Malone,Kevin,Malone
128,Creed Bratton,Creed,Bratton
128,Kelly Kapoor,Kelly,Kapoor
128,Erin Hannon,Erin,Hannon
128,Angela Martin,Angela,Martin
128,Oscar Martinez,Oscar,Martinez
128,Darryl Philbin,Darryl,Philbin
128,Gabe Lewis,Gabe,Lewis
128,Holly Flax,Holly,Flax
129,Michael Scott,Michael,Scott
129,Dwight Schrute,Dwight,Schrute
129,Jim Halpert,Jim,Halpert
129,Pam Beesly,Pam,Beesly
129,Ryan Howard,Ryan,Howard
129,Andy Bernard,Andy,Bernard
129,Stanley Hudson,Stanley,Hudson
129,Kevin Malone,Kevin,Malone
129,Creed Bratton,Creed,Bratton
129,Kelly Kapoor,Kelly,Kapoor
129,Erin Hannon,Erin,Hannon
129,Angela Martin,Angela,Martin
129,Oscar Martinez,Oscar,Martinez
129,Darryl Philbin,Darryl,Philbin
129,Gabe Lewis,Gabe,Lewis
129,Holly Flax,Holly,Flax
130,Michael Scott,Michael,Scott
130,Dwight Schrute,Dwight,Schrute
130,Jim Halpert,Jim,Halpert
130,Pam Beesly,Pam,Beesly
130,Ryan Howard,Ryan,Howard
130,Andy Bernard,Andy,Bernard
130,Stanley Hudson,Stanley,Hudson
130,Kevin Malone,Kevin,Malone
130,Creed Bratton,Creed,Bratton
130,Kelly Kapoor,Kelly,Kapoor
130,Erin Hannon,Erin,Hannon
130,Angela Martin,Angela,Martin
130,Toby Flenderson,Toby,Flenderson
130,Oscar Martinez,Oscar,Martinez
130,Darryl Philbin,Darryl,Philbin
130,Gabe Lewis,Gabe,Lewis
131,Michael Scott,Michael,Scott
131,Dwight Schrute,Dwight,Schrute
131,Jim Halpert,Jim,Halpert
131,Pam Beesly,Pam,Beesly
131,Ryan Howard,Ryan,Howard
131,Andy Bernard,Andy,Bernard
131,Stanley Hudson,Stanley,Hudson
131,Kevin Malone,Kevin,Malone
131,Creed Bratton,Creed,Bratton
131,Kelly Kapoor,Kelly,Kapoor
131,Erin Hannon,Erin,Hannon
131,Angela Martin,Angela,Martin
131,Oscar Martinez,Oscar,Martinez
131,Darryl Philbin,Darryl,Philbin
131,Gabe Lewis,Gabe,Lewis
131,Holly Flax,Holly,Flax
132,Michael Scott,Michael,Scott
132,Dwight Schrute,Dwight,Schrute
132,Jim Halpert,Jim,Halpert
132,Pam Beesly,Pam,Beesly
132,Ryan Howard,Ryan,Howard
132,Andy Bernard,Andy,Bernard
132,Stanley Hudson,Stanley,Hudson
132,Kevin Malone,Kevin,Malone
132,Creed Bratton,Creed,Bratton
132,Kelly Kapoor,Kelly,Kapoor
132,Erin Hannon,Erin,Hannon
132,Angela Martin,Angela,Martin
132,Oscar Martinez,Oscar,Martinez
132,Darryl Philbin,Darryl,Philbin
132,Gabe Lewis,Gabe,Lewis
132,Holly Flax,Holly,Flax
133,Michael Scott,Michael,Scott
133,Dwight Schrute,Dwight,Schrute
133,Jim Halpert,Jim,Halpert
133,Pam Beesly,Pam,Beesly
133,Ryan Howard,Ryan,Howard
133,Andy Bernard,Andy,Bernard
133,Stanley Hudson,Stanley,Hudson
133,Kevin Malone,Kevin,Malone
133,Creed Bratton,Creed,Bratton
133,Kelly Kapoor,Kelly,Kapoor
133,Erin Hannon,Erin,Hannon
133,Angela Martin,Angela,Martin
133,Oscar Martinez,Oscar,Martinez
133,Darryl Philbin,Darryl,Philbin
133,Gabe Lewis,Gabe,Lewis
133,Deangelo Vickers,Deangelo,Vickers
134,Michael Scott,Michael,Scott
134,Dwight Schrute,Dwight,Schrute
134,Jim Halpert,Jim,Halpert
134,Pam Beesly,Pam,Beesly
134,Ryan Howard,Ryan,Howard
134,Andy Bernard,Andy,Bernard
134,Stanley Hudson,Stanley,Hudson
134,Kevin Malone,Kevin,Malone
134,Creed Bratton,Creed,Bratton
134,Kelly Kapoor,Kelly,Kapoor
134,Erin Hannon,Erin,Hannon
134,Angela Martin,Angela,Martin
134,Toby Flenderson,Toby,Flenderson
134,Oscar Martinez,Oscar,Martinez
134,Darryl Philbin,Darryl,Philbin
134,Gabe Lewis,Gabe,Lewis
135,Michael Scott,Michael,Scott
135,Dwight Schrute,Dwight,Schrute
135,Jim Halpert,Jim,Halpert
135,Pam Beesly,Pam,Beesly
135,Ryan Howard,Ryan,Howard
135,Andy Bernard,Andy,Bernard
135,Stanley Hudson,Stanley,Hudson
135,Kevin Malone,Kevin,Malone
135,Creed Bratton,Creed,Bratton
135,Kelly Kapoor,Kelly,Kapoor
135,Erin Hannon,Erin,Hannon
135,Angela Martin,Angela,Martin
135,Toby Flenderson,Toby,Flenderson
135,Oscar Martinez,Oscar,Martinez
135,Darryl Philbin,Darryl,Philbin
135,Gabe Lewis,Gabe,Lewis
136,Dwight Schrute,Dwight,Schrute
136,Jim Halpert,Jim,Halpert
136,Pam Beesly,Pam,Beesly
136,Ryan Howard,Ryan,Howard
136,Andy Bernard,Andy,Bernard
136,Stanley Hudson,Stanley,Hudson
136,Kevin Malone,Kevin,Malone
136,Creed Bratton,Creed,Bratton
136,Kelly Kapoor,Kelly,Kapoor
136,Erin Hannon,Erin,Hannon
136,Angela Martin,Angela,Martin
136,Toby Flenderson,Toby,Flenderson
136,Oscar Martinez,Oscar,Martinez
136,Darryl Philbin,Darryl,Philbin
136,Gabe Lewis,Gabe,Lewis
136,Deangelo Vickers,Deangelo,Vickers
137,Dwight Schrute,Dwight,Schrute
137,Jim Halpert,Jim,Halpert
137,Pam Beesly,Pam,Beesly
137,Ryan Howard,Ryan,Howard
137,Andy Bernard,Andy,Bernard
137,Stanley Hudson,Stanley,Hudson
137,Kevin Malone,Kevin,Malone
137,Creed Bratton,Creed,Bratton
137,Kelly Kapoor,Kelly,Kapoor
137,Erin Hannon,Erin,Hannon
137,Angela Martin,Angela,Martin
137,Toby Flenderson,Toby,Flenderson
137,Oscar Martinez,Oscar,Martinez
137,Darryl Philbin,Darryl,Philbin
137,Gabe Lewis,Gabe,Lewis
137,Jo Bennett,Jo,Bennett
138,Dwight Schrute,Dwight,Schrute
138,Jim Halpert,Jim,Halpert
138,Pam Beesly,Pam,Beesly
138,Ryan Howard,Ryan,Howard
138,Andy Bernard,Andy,Bernard
138,Stanley Hudson,Stanley,Hudson
138,Kevin Malone,Kevin,Malone
138,Creed Bratton,Creed,Bratton
138,Kelly Kapoor,Kelly,Kapoor
138,Erin Hannon,Erin,Hannon
138,Angela Martin,Angela,Martin
138,Toby Flenderson,Toby,Flenderson
138,Oscar Martinez,Oscar,Martinez
138,Darryl Philbin,Darryl,Philbin
138,Gabe Lewis,Gabe,Lewis
138,Jo Bennett,Jo,Bennett
139,Dwight Schrute,Dwight,Schrute
139,Jim Halpert,Jim,Halpert
139,Pam Beesly,Pam,Beesly
139,Ryan Howard,Ryan,Howard
139,Andy Bernard,Andy,Bernard
139,Stanley Hudson,Stanley,Hudson
139,Kevin Malone,Kevin,Malone
139,Creed Bratton,Creed,Bratton
139,Kelly Kapoor,Kelly,Kapoor
139,Erin Hannon,Erin,Hannon
139,Angela Martin,Angela,Martin
139,Toby Flenderson,Toby,Flenderson
139,Oscar Martinez,Oscar,Martinez
139,Darryl Philbin,Darryl,Philbin
139,Gabe Lewis,Gabe,Lewis
140,Dwight Schrute,Dwight,Schrute
140,Jim Halpert,Jim,Halpert
140,Pam Beesly,Pam,Beesly
140,Ryan Howard,Ryan,Howard
140,Andy Bernard,Andy,Bernard
140,Stanley Hudson,Stanley,Hudson
140,Kevin Malone,Kevin,Malone
140,Creed Bratton,Creed,Bratton
140,Kelly Kapoor,Kelly,Kapoor
140,Erin Hannon,Erin,Hannon
140,Angela Martin,Angela,Martin
140,Toby Flenderson,Toby,Flenderson
140,Oscar Martinez,Oscar,Martinez
140,Darryl Philbin,Darryl,Philbin
141,Dwight Schrute,Dwight,Schrute
141,Jim Halpert,Jim,Halpert
141,Pam Beesly,Pam,Beesly
141,Ryan Howard,Ryan,Howard
141,Andy Bernard,Andy,Bernard
141,Stanley Hudson,Stanley,Hudson
141,Kevin Malone,Kevin,Malone
141,Creed Bratton,Creed,Bratton
141,Kelly Kapoor,Kelly,Kapoor
141,Erin Hannon,Erin,Hannon
141,Angela Martin,Angela,Martin
141,Toby Flenderson,Toby,Flenderson
141,Oscar Martinez,Oscar,Martinez
141,Darryl Philbin,Darryl,Philbin
142,Dwight Schrute,Dwight,Schrute
142,Jim Halpert,Jim,Halpert
142,Pam Beesly,Pam,Beesly
142,Ryan Howard,Ryan,Howard
142,Andy Bernard,Andy,Bernard
142,Stanley Hudson,Stanley,Hudson
142,Kevin Malone,Kevin,Malone
142,Creed Bratton,Creed,Bratton
142,Kelly Kapoor,Kelly,Kapoor
142,Erin Hannon,Erin,Hannon
142,Angela Martin,Angela,Martin
142,Toby Flenderson,Toby,Flenderson
142,Oscar Martinez,Oscar,Martinez
142,Darryl Philbin,Darryl,Philbin
142,Gabe Lewis,Gabe,Lewis
143,Dwight Schrute,Dwight,Schrute
143,Jim Halpert,Jim,Halpert
143,Pam Beesly,Pam,Beesly
143,Ryan Howard,Ryan,Howard
143,Andy Bernard,Andy,Bernard
143,Stanley Hudson,Stanley,Hudson
143,Kevin Malone,Kevin,Malone
143,Creed Bratton,Creed,Bratton
143,Kelly Kapoor,Kelly,Kapoor
143,Erin Hannon,Erin,Hannon
143,Angela Martin,Angela,Martin
143,Toby Flenderson,Toby,Flenderson
143,Oscar Martinez,Oscar,Martinez
143,Darryl Philbin,Darryl,Philbin
143,Gabe Lewis,Gabe,Lewis
144,Dwight Schrute,Dwight,Schrute
144,Jim Halpert,Jim,Halpert
144,Pam Beesly,Pam,Beesly
144,Ryan Howard,Ryan,Howard
144,Andy Bernard,Andy,Bernard
144,Stanley Hudson,Stanley,Hudson
144,Kevin Malone,Kevin,Malone
144,Creed Bratton,Creed,Bratton
144,Kelly Kapoor,Kelly,Kapoor
144,Erin Hannon,Erin,Hannon
144,Angela Martin,Angela,Martin
144,Toby Flenderson,Toby,Flenderson
144,Oscar Martinez,Oscar,Martinez
144,Darryl Philbin,Darryl,Philbin
144,Gabe Lewis,Gabe,Lewis
145,Dwight Schrute,Dwight,Schrute
145,Jim Halpert,Jim,Halpert
145,Pam Beesly,Pam,Beesly
145,Ryan Howard,Ryan,Howard
145,Andy Bernard,Andy,Bernard
145,Stanley Hudson,Stanley,Hudson
145,Kevin Malone,Kevin,Malone
145,Creed Bratton,Creed,Bratton
145,Kelly Kapoor,Kelly,Kapoor
145,Erin Hannon,Erin,Hannon
145,Angela Martin,Angela,Martin
145,Toby Flenderson,Toby,Flenderson
145,Oscar Martinez,Oscar,Martinez
145,Darryl Philbin,Darryl,Philbin
145,Gabe Lewis,Gabe,Lewis
146,Dwight Schrute,Dwight,Schrute
146,Jim Halpert,Jim,Halpert
146,Pam Beesly,Pam,Beesly
146,Ryan Howard,Ryan,Howard
146,Andy Bernard,Andy,Bernard
146,Stanley Hudson,Stanley,Hudson
146,Kevin Malone,Kevin,Malone
146,Creed Bratton,Creed,Bratton
146,Kelly Kapoor,Kelly,Kapoor
146,Erin Hannon,Erin,Hannon
146,Angela Martin,Angela,Martin
146,Oscar Martinez,Oscar,Martinez
146,Darryl Philbin,Darryl,Philbin
146,Gabe Lewis,Gabe,Lewis
147,Dwight Schrute,Dwight,Schrute
147,Jim Halpert,Jim,Halpert
147,Pam Beesly,Pam,Beesly
147,Ryan Howard,Ryan,Howard
147,Andy Bernard,Andy,Bernard
147,Stanley Hudson,Stanley,Hudson
147,Kevin Malone,Kevin,Malone
147,Creed Bratton,Creed,Bratton
147,Kelly Kapoor,Kelly,Kapoor
147,Erin Hannon,Erin,Hannon
147,Angela Martin,Angela,Martin
147,Toby Flenderson,Toby,Flenderson
147,Oscar Martinez,Oscar,Martinez
147,Darryl Philbin,Darryl,Philbin
147,Gabe Lewis,Gabe,Lewis
148,Dwight Schrute,Dwight,Schrute
148,Jim Halpert,Jim,Halpert
148,Pam Beesly,Pam,Beesly
148,Ryan Howard,Ryan,Howard
148,Andy Bernard,Andy,Bernard
148,Stanley Hudson,Stanley,Hudson
148,Kevin Malone,Kevin,Malone
148,Creed Bratton,Creed,Bratton
148,Kelly Kapoor,Kelly,Kapoor
148,Erin Hannon,Erin,Hannon
148,Angela Martin,Angela,Martin
148,Toby Flenderson,Toby,Flenderson
148,Oscar Martinez,Oscar,Martinez
148,Darryl Philbin,Darryl,Philbin
148,Gabe Lewis,Gabe,Lewis
149,Dwight Schrute,Dwight,Schrute
149,Jim Halpert,Jim,Halpert
149,Pam Beesly,Pam,Beesly
149,Ryan Howard,Ryan,Howard
149,Andy Bernard,Andy,Bernard
149,Stanley Hudson,Stanley,Hudson
149,Kevin Malone,Kevin,Malone
149,Creed Bratton,Creed,Bratton
149,Kelly Kapoor,Kelly,Kapoor
149,Erin Hannon,Erin,Hannon
149,Angela Martin,Angela,Martin
149,Oscar Martinez,Oscar,Martinez
149,Darryl Philbin,Darryl,Philbin
149,Gabe Lewis,Gabe,Lewis
150,Dwight Schrute,Dwight,Schrute
150,Jim Halpert,Jim,Halpert
150,Pam Beesly,Pam,Beesly
150,Ryan Howard,Ryan,Howard
150,Andy Bernard,Andy,Bernard
150,Stanley Hudson,Stanley,Hudson
150,Kevin Malone,Kevin,Malone
150,Creed Bratton,Creed,Bratton
150,Kelly Kapoor,Kelly,Kapoor
150,Erin Hannon,Erin,Hannon
150,Angela Martin,Angela,Martin
150,Toby Flenderson,Toby,Flenderson
150,Oscar Martinez,Oscar,Martinez
150,Darryl Philbin,Darryl,Philbin
150,Gabe Lewis,Gabe,Lewis
151,Dwight Schrute,Dwight,Schrute
151,Jim Halpert,Jim,Halpert
151,Pam Beesly,Pam,Beesly
151,Ryan Howard,Ryan,Howard
151,Andy Bernard,Andy,Bernard
151,Stanley Hudson,Stanley,Hudson
151,Kevin Malone,Kevin,Malone
151,Creed Bratton,Creed,Bratton
151,Kelly Kapoor,Kelly,Kapoor
151,Erin Hannon,Erin,Hannon
151,Angela Martin,Angela,Martin
151,Toby Flenderson,Toby,Flenderson
151,Oscar Martinez,Oscar,Martinez
151,Darryl Philbin,Darryl,Philbin
151,Gabe Lewis,Gabe,Lewis
152,Dwight Schrute,Dwight,Schrute
152,Jim Halpert,Jim,Halpert
152,Pam Beesly,Pam,Beesly
152,Ryan Howard,Ryan,Howard
152,Andy Bernard,Andy,Bernard
152,Stanley Hudson,Stanley,Hudson
152,Kevin Malone,Kevin,Malone
152,Creed Bratton,Creed,Bratton
152,Kelly Kapoor,Kelly,Kapoor
152,Erin Hannon,Erin,Hannon
152,Angela Martin,Angela,Martin
152,Toby Flenderson,Toby,Flenderson
152,Oscar Martinez,Oscar,Martinez
152,Darryl Philbin,Darryl,Philbin
153,Dwight Schrute,Dwight,Schrute
153,Jim Halpert,Jim,Halpert
153,Pam Beesly,Pam,Beesly
153,Ryan Howard,Ryan,Howard
153,Andy Bernard,Andy,Bernard
153,Stanley Hudson,Stanley,Hudson
153,Kevin Malone,Kevin,Malone
153,Creed Bratton,Creed,Bratton
153,Kelly Kapoor,Kelly,Kapoor
153,Erin Hannon,Erin,Hannon
153,Angela Martin,Angela,Martin
153,Oscar Martinez,Oscar,Martinez
153,Darryl Philbin,Darryl,Philbin
153,Todd Packer,Todd,Packer
154,Dwight Schrute,Dwight,Schrute
154,Jim Halpert,Jim,Halpert
154,Pam Beesly,Pam,Beesly
154,Ryan Howard,Ryan,Howard
154,Andy Bernard,Andy,Bernard
154,Stanley Hudson,Stanley,Hudson
154,Kevin Malone,Kevin,Malone
154,Creed Bratton,Creed,Bratton
154,Kelly Kapoor,Kelly,Kapoor
154,Erin Hannon,Erin,Hannon
154,Angela Martin,Angela,Martin
154,Oscar Martinez,Oscar,Martinez
154,Darryl Philbin,Darryl,Philbin
154,Gabe Lewis,Gabe,Lewis
155,Dwight Schrute,Dwight,Schrute
155,Jim Halpert,Jim,Halpert
155,Pam Beesly,Pam,Beesly
155,Ryan Howard,Ryan,Howard
155,Andy Bernard,Andy,Bernard
155,Stanley Hudson,Stanley,Hudson
155,Kevin Malone,Kevin,Malone
155,Creed Bratton,Creed,Bratton
155,Kelly Kapoor,Kelly,Kapoor
155,Erin Hannon,Erin,Hannon
155,Angela Martin,Angela,Martin
155,Toby Flenderson,Toby,Flenderson
155,Oscar Martinez,Oscar,Martinez
155,Darryl Philbin,Darryl,Philbin
156,Dwight Schrute,Dwight,Schrute
156,Jim Halpert,Jim,Halpert
156,Pam Beesly,Pam,Beesly
156,Ryan Howard,Ryan,Howard
156,Andy Bernard,Andy,Bernard
156,Stanley Hudson,Stanley,Hudson
156,Kevin Malone,Kevin,Malone
156,Creed Bratton,Creed,Bratton
156,Kelly Kapoor,Kelly,Kapoor
156,Erin Hannon,Erin,Hannon
156,Angela Martin,Angela,Martin
156,Toby Flenderson,Toby,Flenderson
156,Oscar Martinez,Oscar,Martinez
156,Darryl Philbin,Darryl,Philbin
157,Dwight Schrute,Dwight,Schrute
157,Jim Halpert,Jim,Halpert
157,Pam Beesly,Pam,Beesly
157,Ryan Howard,Ryan,Howard
157,Andy Bernard,Andy,Bernard
157,Stanley Hudson,Stanley,Hudson
157,Kevin Malone,Kevin,Malone
157,Creed Bratton,Creed,Bratton
157,Kelly Kapoor,Kelly,Kapoor
157,Erin Hannon,Erin,Hannon
157,Angela Martin,Angela,Martin
157,Toby Flenderson,Toby,Flenderson
157,Oscar Martinez,Oscar,Martinez
157,Darryl Philbin,Darryl,Philbin
158,Dwight Schrute,Dwight,Schrute
158,Jim Halpert,Jim,Halpert
158,Pam Beesly,Pam,Beesly
158,Ryan Howard,Ryan,Howard
158,Andy Bernard,Andy,Bernard
158,Stanley Hudson,Stanley,Hudson
158,Kevin Malone,Kevin,Malone
158,Creed Bratton,Creed,Bratton
158,Erin Hannon,Erin,Hannon
158,Angela Martin,Angela,Martin
158,Oscar Martinez,Oscar,Martinez
158,Darryl Philbin,Darryl,Philbin
158,Gabe Lewis,Gabe,Lewis
159,Dwight Schrute,Dwight,Schrute
159,Jim Halpert,Jim,Halpert
159,Pam Beesly,Pam,Beesly
159,Ryan Howard,Ryan,Howard
159,Andy Bernard,Andy,Bernard
159,Stanley Hudson,Stanley,Hudson
159,Kevin Malone,Kevin,Malone
159,Creed Bratton,Creed,Bratton
159,Kelly Kapoor,Kelly,Kapoor
159,Erin Hannon,Erin,Hannon
159,Angela Martin,Angela,Martin
159,Toby Flenderson,Toby,Flenderson
159,Oscar Martinez,Oscar,Martinez
159,Darryl Philbin,Darryl,Philbin
160,Dwight Schrute,Dwight,Schrute
160,Jim Halpert,Jim,Halpert
160,Pam Beesly,Pam,Beesly
160,Ryan Howard,Ryan,Howard
160,Andy Bernard,Andy,Bernard
160,Stanley Hudson,Stanley,Hudson
160,Kevin Malone,Kevin,Malone
160,Creed Bratton,Creed,Bratton
160,Erin Hannon,Erin,Hannon
160,Angela Martin,Angela,Martin
160,Oscar Martinez,Oscar,Martinez
160,Darryl Philbin,Darryl,Philbin
160,Gabe Lewis,Gabe,Lewis
161,Dwight Schrute,Dwight,Schrute
161,Jim Halpert,Jim,Halpert
161,Pam Beesly,Pam,Beesly
161,Ryan Howard,Ryan,Howard
161,Andy Bernard,Andy,Bernard
161,Stanley Hudson,Stanley,Hudson
161,Kevin Malone,Kevin,Malone
161,Creed Bratton,Creed,Bratton
161,Erin Hannon,Erin,Hannon
161,Angela Martin,Angela,Martin
161,Toby Flenderson,Toby,Flenderson
161,Oscar Martinez,Oscar,Martinez
161,Gabe Lewis,Gabe,Lewis
162,Dwight Schrute,Dwight,Schrute
162,Jim Halpert,Jim,Halpert
162,Pam Beesly,Pam,Beesly
162,Ryan Howard,Ryan,Howard
162,Andy Bernard,Andy,Bernard
162,Stanley Hudson,Stanley,Hudson
162,Kevin Malone,Kevin,Malone
162,Creed Bratton,Creed,Bratton
162,Kelly Kapoor,Kelly,Kapoor
162,Erin Hannon,Erin,Hannon
162,Angela Martin,Angela,Martin
162,Toby Flenderson,Toby,Flenderson
162,Oscar Martinez,Oscar,Martinez
162,Darryl Philbin,Darryl,Philbin
163,Dwight Schrute,Dwight,Schrute
163,Jim Halpert,Jim,Halpert
163,Pam Beesly,Pam,Beesly
163,Andy Bernard,Andy,Bernard
163,Stanley Hudson,Stanley,Hudson
163,Kevin Malone,Kevin,Malone
163,Creed Bratton,Creed,Bratton
163,Erin Hannon,Erin,Hannon
163,Angela Martin,Angela,Martin
163,Toby Flenderson,Toby,Flenderson
163,Oscar Martinez,Oscar,Martinez
163,Darryl Philbin,Darryl,Philbin
163,Ryan Howard,Ryan,Howard
164,Dwight Schrute,Dwight,Schrute
164,Jim Halpert,Jim,Halpert
164,Pam Beesly,Pam,Beesly
164,Andy Bernard,Andy,Bernard
164,Stanley Hudson,Stanley,Hudson
164,Kevin Malone,Kevin,Malone
164,Creed Bratton,Creed,Bratton
164,Erin Hannon,Erin,Hannon
164,Angela Martin,Angela,Martin
164,Toby Flenderson,Toby,Flenderson
164,Oscar Martinez,Oscar,Martinez
164,Darryl Philbin,Darryl,Philbin
165,Dwight Schrute,Dwight,Schrute
165,Jim Halpert,Jim,Halpert
165,Pam Beesly,Pam,Beesly
165,Andy Bernard,Andy,Bernard
165,Stanley Hudson,Stanley,Hudson
165,Kevin Malone,Kevin,Malone
165,Creed Bratton,Creed,Bratton
165,Erin Hannon,Erin,Hannon
165,Angela Martin,Angela,Martin
165,Toby Flenderson,Toby,Flenderson
165,Oscar Martinez,Oscar,Martinez
165,Darryl Philbin,Darryl,Philbin
166,Dwight Schrute,Dwight,Schrute
166,Jim Halpert,Jim,Halpert
166,Pam Beesly,Pam,Beesly
166,Andy Bernard,Andy,Bernard
166,Stanley Hudson,Stanley,Hudson
166,Kevin Malone,Kevin,Malone
166,Creed Bratton,Creed,Bratton
166,Erin Hannon,Erin,Hannon
166,Angela Martin,Angela,Martin
166,Toby Flenderson,Toby,Flenderson
166,Oscar Martinez,Oscar,Martinez
166,Darryl Philbin,Darryl,Philbin
167,Dwight Schrute,Dwight,Schrute
167,Jim Halpert,Jim,Halpert
167,Pam Beesly,Pam,Beesly
167,Andy Bernard,Andy,Bernard
167,Stanley Hudson,Stanley,Hudson
167,Kevin Malone,Kevin,Malone
167,Creed Bratton,Creed,Bratton
167,Erin Hannon,Erin,Hannon
167,Angela Martin,Angela,Martin
167,Toby Flenderson,Toby,Flenderson
167,Oscar Martinez,Oscar,Martinez
167,Darryl Philbin,Darryl,Philbin
168,Dwight Schrute,Dwight,Schrute
168,Jim Halpert,Jim,Halpert
168,Pam Beesly,Pam,Beesly
168,Andy Bernard,Andy,Bernard
168,Stanley Hudson,Stanley,Hudson
168,Kevin Malone,Kevin,Malone
168,Creed Bratton,Creed,Bratton
168,Erin Hannon,Erin,Hannon
168,Angela Martin,Angela,Martin
168,Toby Flenderson,Toby,Flenderson
168,Oscar Martinez,Oscar,Martinez
168,Darryl Philbin,Darryl,Philbin
169,Dwight Schrute,Dwight,Schrute
169,Jim Halpert,Jim,Halpert
169,Pam Beesly,Pam,Beesly
169,Andy Bernard,Andy,Bernard
169,Stanley Hudson,Stanley,Hudson
169,Kevin Malone,Kevin,Malone
169,Creed Bratton,Creed,Bratton
169,Erin Hannon,Erin,Hannon
169,Angela Martin,Angela,Martin
169,Toby Flenderson,Toby,Flenderson
169,Oscar Martinez,Oscar,Martinez
169,Darryl Philbin,Darryl,Philbin
169,Jan Levinson,Jan,Levinson
170,Dwight Schrute,Dwight,Schrute
170,Jim Halpert,Jim,Halpert
170,Pam Beesly,Pam,Beesly
170,Stanley Hudson,Stanley,Hudson
170,Kevin Malone,Kevin,Malone
170,Creed Bratton,Creed,Bratton
170,Erin Hannon,Erin,Hannon
170,Angela Martin,Angela,Martin
170,Toby Flenderson,Toby,Flenderson
170,Oscar Martinez,Oscar,Martinez
170,Darryl Philbin,Darryl,Philbin
171,Dwight Schrute,Dwight,Schrute
171,Jim Halpert,Jim,Halpert
171,Pam Beesly,Pam,Beesly
171,Stanley Hudson,Stanley,Hudson
171,Kevin Malone,Kevin,Malone
171,Creed Bratton,Creed,Bratton
171,Erin Hannon,Erin,Hannon
171,Angela Martin,Angela,Martin
171,Toby Flenderson,Toby,Flenderson
171,Oscar Martinez,Oscar,Martinez
171,Darryl Philbin,Darryl,Philbin
172,Dwight Schrute,Dwight,Schrute
172,Jim Halpert,Jim,Halpert
172,Pam Beesly,Pam,Beesly
172,Stanley Hudson,Stanley,Hudson
172,Kevin Malone,Kevin,Malone
172,Creed Bratton,Creed,Bratton
172,Erin Hannon,Erin,Hannon
172,Angela Martin,Angela,Martin
172,Oscar Martinez,Oscar,Martinez
172,Darryl Philbin,Darryl,Philbin
173,Dwight Schrute,Dwight,Schrute
173,Jim Halpert,Jim,Halpert
173,Pam Beesly,Pam,Beesly
173,Stanley Hudson,Stanley,Hudson
173,Kevin Malone,Kevin,Malone
173,Creed Bratton,Creed,Bratton
173,Erin Hannon,Erin,Hannon
173,Angela Martin,Angela,Martin
173,Oscar Martinez,Oscar,Martinez
173,Darryl Philbin,Darryl,Philbin
174,Dwight Schrute,Dwight,Schrute
174,Jim Halpert,Jim,Halpert
174,Pam Beesly,Pam,Beesly
174,Stanley Hudson,Stanley,Hudson
174,Kevin Malone,Kevin,Malone
174,Creed Bratton,Creed,Bratton
174,Erin Hannon,Erin,Hannon
174,Angela Martin,Angela,Martin
174,Toby Flenderson,Toby,Flenderson
174,Oscar Martinez,Oscar,Martinez
174,Darryl Philbin,Darryl,Philbin
175,Dwight Schrute,Dwight,Schrute
175,Jim Halpert,Jim,Halpert
175,Pam Beesly,Pam,Beesly
175,Andy Bernard,Andy,Bernard
175,Stanley Hudson,Stanley,Hudson
175,Kevin Malone,Kevin,Malone
175,Creed Bratton,Creed,Bratton
175,Erin Hannon,Erin,Hannon
175,Angela Martin,Angela,Martin
175,Oscar Martinez,Oscar,Martinez
175,Darryl Philbin,Darryl,Philbin
176,Dwight Schrute,Dwight,Schrute
176,Jim Halpert,Jim,Halpert
176,Pam Beesly,Pam,Beesly
176,Andy Bernard,Andy,Bernard
176,Stanley Hudson,Stanley,Hudson
176,Kevin Malone,Kevin,Malone
176,Creed Bratton,Creed,Bratton
176,Erin Hannon,Erin,Hannon
176,Angela Martin,Angela,Martin
176,Toby Flenderson,Toby,Flenderson
176,Oscar Martinez,Oscar,Martinez
176,Darryl Philbin,Darryl,Philbin
177,Dwight Schrute,Dwight,Schrute
177,Jim Halpert,Jim,Halpert
177,Pam Beesly,Pam,Beesly
177,Andy Bernard,Andy,Bernard
177,Stanley Hudson,Stanley,Hudson
177,Kevin Malone,Kevin,Malone
177,Creed Bratton,Creed,Bratton
177,Erin Hannon,Erin,Hannon
177,Angela Martin,Angela,Martin
177,Toby Flenderson,Toby,Flenderson
177,Oscar Martinez,Oscar,Martinez
177,Darryl Philbin,Darryl,Philbin
177,Jan Levinson,Jan,Levinson
178,Dwight Schrute,Dwight,Schrute
178,Jim Halpert,Jim,Halpert
178,Pam Beesly,Pam,Beesly
178,Andy Bernard,Andy,Bernard
178,Stanley Hudson,Stanley,Hudson
178,Kevin Malone,Kevin,Malone
178,Creed Bratton,Creed,Bratton
178,Erin Hannon,Erin,Hannon
178,Angela Martin,Angela,Martin
178,Toby Flenderson,Toby,Flenderson
178,Oscar Martinez,Oscar,Martinez
178,Darryl Philbin,Darryl,Philbin
178,David Wallace,David,Wallace
179,Dwight Schrute,Dwight,Schrute
179,Jim Halpert,Jim,Halpert
179,Pam Beesly,Pam,Beesly
179,Andy Bernard,Andy,Bernard
179,Stanley Hudson,Stanley,Hudson
179,Kevin Malone,Kevin,Malone
179,Creed Bratton,Creed,Bratton
179,Erin Hannon,Erin,Hannon
179,Angela Martin,Angela,Martin
179,Oscar Martinez,Oscar,Martinez
179,Darryl Philbin,Darryl,Philbin
180,Dwight Schrute,Dwight,Schrute
180,Jim Halpert,Jim,Halpert
180,Pam Beesly,Pam,Beesly
180,Andy Bernard,Andy,Bernard
180,Stanley Hudson,Stanley,Hudson
180,Kevin Malone,Kevin,Malone
180,Creed Bratton,Creed,Bratton
180,Erin Hannon,Erin,Hannon
180,Angela Martin,Angela,Martin
180,Toby Flenderson,Toby,Flenderson
180,Oscar Martinez,Oscar,Martinez
180,Darryl Philbin,Darryl,Philbin
181,Dwight Schrute,Dwight,Schrute
181,Jim Halpert,Jim,Halpert
181,Pam Beesly,Pam,Beesly
181,Andy Bernard,Andy,Bernard
181,Stanley Hudson,Stanley,Hudson
181,Kevin Malone,Kevin,Malone
181,Creed Bratton,Creed,Bratton
181,Erin Hannon,Erin,Hannon
181,Angela Martin,Angela,Martin
181,Toby Flenderson,Toby,Flenderson
181,Oscar Martinez,Oscar,Martinez
181,Darryl Philbin,Darryl,Philbin
182,Dwight Schrute,Dwight,Schrute
182,Jim Halpert,Jim,Halpert
182,Pam Beesly,Pam,Beesly
182,Andy Bernard,Andy,Bernard
182,Stanley Hudson,Stanley,Hudson
182,Kevin Malone,Kevin,Malone
182,Creed Bratton,Creed,Bratton
182,Erin Hannon,Erin,Hannon
182,Angela Martin,Angela,Martin
182,Toby Flenderson,Toby,Flenderson
182,Oscar Martinez,Oscar,Martinez
182,Darryl Philbin,Darryl,Philbin
183,Dwight Schrute,Dwight,Schrute
183,Jim Halpert,Jim,Halpert
183,Pam Beesly,Pam,Beesly
183,Andy Bernard,Andy,Bernard
183,Stanley Hudson,Stanley,Hudson
183,Kevin Malone,Kevin,Malone
183,Creed Bratton,Creed,Bratton
183,Erin Hannon,Erin,Hannon
183,Angela Martin,Angela,Martin
183,Toby Flenderson,Toby,Flenderson
183,Oscar Martinez,Oscar,Martinez
183,Darryl Philbin,Darryl,Philbin
183,David Wallace,David,Wallace
184,Dwight Schrute,Dwight,Schrute
184,Jim Halpert,Jim,Halpert
184,Pam Beesly,Pam,Beesly
184,Andy Bernard,Andy,Bernard
184,Stanley Hudson,Stanley,Hudson
184,Kevin Malone,Kevin,Malone
184,Creed Bratton,Creed,Bratton
184,Erin Hannon,Erin,Hannon
184,Angela Martin,Angela,Martin
184,Toby Flenderson,Toby,Flenderson
184,Oscar Martinez,Oscar,Martinez
184,Darryl Philbin,Darryl,Philbin
185,Dwight Schrute,Dwight,Schrute
185,Jim Halpert,Jim,Halpert
185,Pam Beesly,Pam,Beesly
185,Andy Bernard,Andy,Bernard
185,Stanley Hudson,Stanley,Hudson
185,Kevin Malone,Kevin,Malone
185,Creed Bratton,Creed,Bratton
185,Kelly Kapoor,Kelly,Kapoor
185,Erin Hannon,Erin,Hannon
185,Toby Flenderson,Toby,Flenderson
185,Ryan Howard,Ryan,Howard
185,Oscar Martinez,Oscar,Martinez
185,Darryl Philbin,Darryl,Philbin
